[{"model": "contenttypes.contenttype", "pk": 1, "fields": {"app_label": "admin", "model": "logentry"}}, {"model": "contenttypes.contenttype", "pk": 2, "fields": {"app_label": "auth", "model": "permission"}}, {"model": "contenttypes.contenttype", "pk": 3, "fields": {"app_label": "auth", "model": "group"}}, {"model": "contenttypes.contenttype", "pk": 4, "fields": {"app_label": "auth", "model": "user"}}, {"model": "contenttypes.contenttype", "pk": 5, "fields": {"app_label": "contenttypes", "model": "contenttype"}}, {"model": "contenttypes.contenttype", "pk": 6, "fields": {"app_label": "sessions", "model": "session"}}, {"model": "contenttypes.contenttype", "pk": 7, "fields": {"app_label": "FeQta", "model": "question"}}, {"model": "contenttypes.contenttype", "pk": 8, "fields": {"app_label": "FeQta", "model": "topic"}}, {"model": "contenttypes.contenttype", "pk": 9, "fields": {"app_label": "FeQta", "model": "answer"}}, {"model": "contenttypes.contenttype", "pk": 10, "fields": {"app_label": "FeQta", "model": "profile"}}, {"model": "sessions.session", "pk": "1zecqdh5owc3ngsh420m4ovq7svryznv", "fields": {"session_data": "NGIyZWQxYWU2NDRmMmE3ZjQwMDMwMzVhMjBkYjVhNmExZDViMzdkYjp7Il9hdXRoX3VzZXJfaWQiOiIxIiwiX2F1dGhfdXNlcl9iYWNrZW5kIjoiZGphbmdvLmNvbnRyaWIuYXV0aC5iYWNrZW5kcy5Nb2RlbEJhY2tlbmQiLCJfYXV0aF91c2VyX2hhc2giOiI2ZDQyOTZiNDNkYjQxMTIyODg3MjMyN2RhMzE5MzMzZDdjYTY5NzI5In0=", "expire_date": "2018-11-20T12:22:20.381Z"}}, {"model": "sessions.session", "pk": "4mcg4nit288ipwuj7ikpwsxbevpm6mid", "fields": {"session_data": "NTQ3ZGE1ZDhiY2VjOGYzYWY5Y2FhNzNiYjBiNDQ3MWYwOTRiZmI2OTp7Il9hdXRoX3VzZXJfaWQiOiI0IiwiX2F1dGhfdXNlcl9iYWNrZW5kIjoiZGphbmdvLmNvbnRyaWIuYXV0aC5iYWNrZW5kcy5Nb2RlbEJhY2tlbmQiLCJfYXV0aF91c2VyX2hhc2giOiI3ZDQ4M2Y5OTEwZmZiOWNlMmVlYmI0NzY4MDJhZDQzNTg1ZDdiZjQzIn0=", "expire_date": "2018-09-30T08:13:51.829Z"}}, {"model": "sessions.session", "pk": "7wsy30nzqnf7w6lfvdb65zb2aeo6mssd", "fields": {"session_data": "MzZmNGMxN2E3NWJhMDFhYzRmMWE3Yzc3OTM3MmFjNGM3YzdlZGY4YTp7Il9hdXRoX3VzZXJfaWQiOiIxIiwiX2F1dGhfdXNlcl9iYWNrZW5kIjoiZGphbmdvLmNvbnRyaWIuYXV0aC5iYWNrZW5kcy5Nb2RlbEJhY2tlbmQiLCJfYXV0aF91c2VyX2hhc2giOiJlMTg0ZWIxMTI4ODIzYjkwMDc0YTVjNjdjOWY1ZDUyYWIyZTc3NWQ4In0=", "expire_date": "2019-03-01T17:16:51.777Z"}}, {"model": "sessions.session", "pk": "8ezyk2icmudledmrokh1kdmwe3fzmsk1", "fields": {"session_data": "NTQ3ZGE1ZDhiY2VjOGYzYWY5Y2FhNzNiYjBiNDQ3MWYwOTRiZmI2OTp7Il9hdXRoX3VzZXJfaWQiOiI0IiwiX2F1dGhfdXNlcl9iYWNrZW5kIjoiZGphbmdvLmNvbnRyaWIuYXV0aC5iYWNrZW5kcy5Nb2RlbEJhY2tlbmQiLCJfYXV0aF91c2VyX2hhc2giOiI3ZDQ4M2Y5OTEwZmZiOWNlMmVlYmI0NzY4MDJhZDQzNTg1ZDdiZjQzIn0=", "expire_date": "2018-09-30T11:03:45.132Z"}}, {"model": "sessions.session", "pk": "97alhxysyib5qqn7cg5do8hczq6erlyl", "fields": {"session_data": "NTQ3ZGE1ZDhiY2VjOGYzYWY5Y2FhNzNiYjBiNDQ3MWYwOTRiZmI2OTp7Il9hdXRoX3VzZXJfaWQiOiI0IiwiX2F1dGhfdXNlcl9iYWNrZW5kIjoiZGphbmdvLmNvbnRyaWIuYXV0aC5iYWNrZW5kcy5Nb2RlbEJhY2tlbmQiLCJfYXV0aF91c2VyX2hhc2giOiI3ZDQ4M2Y5OTEwZmZiOWNlMmVlYmI0NzY4MDJhZDQzNTg1ZDdiZjQzIn0=", "expire_date": "2018-09-30T07:43:26.720Z"}}, {"model": "sessions.session", "pk": "akgabb7s9d8234vib7gata6y7d3zba4o", "fields": {"session_data": "OWU0OTZlNTQxODg1ZWNiNDc1MzA5NDU4MTQ0ZGFhMzI5NjA0NGMxMTp7Il9hdXRoX3VzZXJfaWQiOiIzIiwiX2F1dGhfdXNlcl9iYWNrZW5kIjoiZGphbmdvLmNvbnRyaWIuYXV0aC5iYWNrZW5kcy5Nb2RlbEJhY2tlbmQiLCJfYXV0aF91c2VyX2hhc2giOiJmNDM4NGJjZGM2ZWIwNjU1YzhjMWY3M2EzYTYyODM0NmIzMjE4MzcxIn0=", "expire_date": "2018-12-16T17:03:46.909Z"}}, {"model": "sessions.session", "pk": "b2jllxovzxp2jedtcp0v8r2tph1lnhc3", "fields": {"session_data": "MzZmNGMxN2E3NWJhMDFhYzRmMWE3Yzc3OTM3MmFjNGM3YzdlZGY4YTp7Il9hdXRoX3VzZXJfaWQiOiIxIiwiX2F1dGhfdXNlcl9iYWNrZW5kIjoiZGphbmdvLmNvbnRyaWIuYXV0aC5iYWNrZW5kcy5Nb2RlbEJhY2tlbmQiLCJfYXV0aF91c2VyX2hhc2giOiJlMTg0ZWIxMTI4ODIzYjkwMDc0YTVjNjdjOWY1ZDUyYWIyZTc3NWQ4In0=", "expire_date": "2019-08-30T06:55:12.087Z"}}, {"model": "sessions.session", "pk": "bh8vpz43sr8stkj1z0kkq85onnodq8uk", "fields": {"session_data": "NTQ3ZGE1ZDhiY2VjOGYzYWY5Y2FhNzNiYjBiNDQ3MWYwOTRiZmI2OTp7Il9hdXRoX3VzZXJfaWQiOiI0IiwiX2F1dGhfdXNlcl9iYWNrZW5kIjoiZGphbmdvLmNvbnRyaWIuYXV0aC5iYWNrZW5kcy5Nb2RlbEJhY2tlbmQiLCJfYXV0aF91c2VyX2hhc2giOiI3ZDQ4M2Y5OTEwZmZiOWNlMmVlYmI0NzY4MDJhZDQzNTg1ZDdiZjQzIn0=", "expire_date": "2018-09-29T11:17:59.329Z"}}, {"model": "sessions.session", "pk": "e18m6jr6u4h4og18yusvczpebr95i5d3", "fields": {"session_data": "NGJkZWEwMjI2NzA1MDhmNDQ0YzhiMGViYTczYjk0MDkwNDU1MTcwZDp7Il9hdXRoX3VzZXJfaWQiOiIxIiwiX2F1dGhfdXNlcl9iYWNrZW5kIjoiZGphbmdvLmNvbnRyaWIuYXV0aC5iYWNrZW5kcy5Nb2RlbEJhY2tlbmQiLCJfYXV0aF91c2VyX2hhc2giOiI4ODVlMTIwODlhNWQwM2I5ZDc3OTM1NGYyNTRkNmVkNWFjZmI0MzczIn0=", "expire_date": "2018-11-16T13:54:34.340Z"}}, {"model": "sessions.session", "pk": "ek4wn8kwpga0bonxt0f7cwftm6n6cxmp", "fields": {"session_data": "OWU0OTZlNTQxODg1ZWNiNDc1MzA5NDU4MTQ0ZGFhMzI5NjA0NGMxMTp7Il9hdXRoX3VzZXJfaWQiOiIzIiwiX2F1dGhfdXNlcl9iYWNrZW5kIjoiZGphbmdvLmNvbnRyaWIuYXV0aC5iYWNrZW5kcy5Nb2RlbEJhY2tlbmQiLCJfYXV0aF91c2VyX2hhc2giOiJmNDM4NGJjZGM2ZWIwNjU1YzhjMWY3M2EzYTYyODM0NmIzMjE4MzcxIn0=", "expire_date": "2018-10-07T12:51:04.339Z"}}, {"model": "sessions.session", "pk": "jt14pm8fv3dz2ny940h08ln3o28new37", "fields": {"session_data": "OWU0OTZlNTQxODg1ZWNiNDc1MzA5NDU4MTQ0ZGFhMzI5NjA0NGMxMTp7Il9hdXRoX3VzZXJfaWQiOiIzIiwiX2F1dGhfdXNlcl9iYWNrZW5kIjoiZGphbmdvLmNvbnRyaWIuYXV0aC5iYWNrZW5kcy5Nb2RlbEJhY2tlbmQiLCJfYXV0aF91c2VyX2hhc2giOiJmNDM4NGJjZGM2ZWIwNjU1YzhjMWY3M2EzYTYyODM0NmIzMjE4MzcxIn0=", "expire_date": "2018-09-08T13:40:07.436Z"}}, {"model": "sessions.session", "pk": "ksuro28l07rmsy9qw7rna3o3rj2yccq1", "fields": {"session_data": "NTQ3ZGE1ZDhiY2VjOGYzYWY5Y2FhNzNiYjBiNDQ3MWYwOTRiZmI2OTp7Il9hdXRoX3VzZXJfaWQiOiI0IiwiX2F1dGhfdXNlcl9iYWNrZW5kIjoiZGphbmdvLmNvbnRyaWIuYXV0aC5iYWNrZW5kcy5Nb2RlbEJhY2tlbmQiLCJfYXV0aF91c2VyX2hhc2giOiI3ZDQ4M2Y5OTEwZmZiOWNlMmVlYmI0NzY4MDJhZDQzNTg1ZDdiZjQzIn0=", "expire_date": "2018-09-30T15:35:42.210Z"}}, {"model": "sessions.session", "pk": "leoxhx69gvzutpkoawbxdo9dxmrsgfk6", "fields": {"session_data": "OWU0OTZlNTQxODg1ZWNiNDc1MzA5NDU4MTQ0ZGFhMzI5NjA0NGMxMTp7Il9hdXRoX3VzZXJfaWQiOiIzIiwiX2F1dGhfdXNlcl9iYWNrZW5kIjoiZGphbmdvLmNvbnRyaWIuYXV0aC5iYWNrZW5kcy5Nb2RlbEJhY2tlbmQiLCJfYXV0aF91c2VyX2hhc2giOiJmNDM4NGJjZGM2ZWIwNjU1YzhjMWY3M2EzYTYyODM0NmIzMjE4MzcxIn0=", "expire_date": "2018-10-07T09:55:07.892Z"}}, {"model": "sessions.session", "pk": "mwzire8scqcnus7zmgk9ok2226q1zwe3", "fields": {"session_data": "YWYzYmM2NzcyMzY0YzdhYTZjZDI0ZmJkZDE3Y2ViMWJjNzcwMTUzODp7Il9hdXRoX3VzZXJfaWQiOiIxIiwiX2F1dGhfdXNlcl9iYWNrZW5kIjoiZGphbmdvLmNvbnRyaWIuYXV0aC5iYWNrZW5kcy5Nb2RlbEJhY2tlbmQiLCJfYXV0aF91c2VyX2hhc2giOiJkNWIxMTlkNGM1NjBmZGRlMzExMWI5ZGQ1NzcwMzljYjQyMjhmYzJiIn0=", "expire_date": "2018-08-26T13:24:27.702Z"}}, {"model": "sessions.session", "pk": "oormtm14sd6nvkg7pbvi4eeg3t7szg8x", "fields": {"session_data": "MjI2ZDU2NzQ0ZjdlYjg4NGZmNjI2NWZhOTc4NTYxNzZhMjhiZTllOTp7Il9hdXRoX3VzZXJfaWQiOiIyMiIsIl9hdXRoX3VzZXJfYmFja2VuZCI6ImRqYW5nby5jb250cmliLmF1dGguYmFja2VuZHMuTW9kZWxCYWNrZW5kIiwiX2F1dGhfdXNlcl9oYXNoIjoiYjg4ZmI1OTJiOGUxMDk1MDYzYzZhNjU2Nzc1YmFjNTEwNjg5ZGFmOSJ9", "expire_date": "2018-12-16T16:55:22.818Z"}}, {"model": "sessions.session", "pk": "otuzixl4odpt1g3ltxwbo2j9w3xxi46p", "fields": {"session_data": "YWYzYmM2NzcyMzY0YzdhYTZjZDI0ZmJkZDE3Y2ViMWJjNzcwMTUzODp7Il9hdXRoX3VzZXJfaWQiOiIxIiwiX2F1dGhfdXNlcl9iYWNrZW5kIjoiZGphbmdvLmNvbnRyaWIuYXV0aC5iYWNrZW5kcy5Nb2RlbEJhY2tlbmQiLCJfYXV0aF91c2VyX2hhc2giOiJkNWIxMTlkNGM1NjBmZGRlMzExMWI5ZGQ1NzcwMzljYjQyMjhmYzJiIn0=", "expire_date": "2018-09-01T12:03:43.689Z"}}, {"model": "sessions.session", "pk": "pddep0cdjsmpm1ic69pdpaso3x7uierp", "fields": {"session_data": "YWYzYmM2NzcyMzY0YzdhYTZjZDI0ZmJkZDE3Y2ViMWJjNzcwMTUzODp7Il9hdXRoX3VzZXJfaWQiOiIxIiwiX2F1dGhfdXNlcl9iYWNrZW5kIjoiZGphbmdvLmNvbnRyaWIuYXV0aC5iYWNrZW5kcy5Nb2RlbEJhY2tlbmQiLCJfYXV0aF91c2VyX2hhc2giOiJkNWIxMTlkNGM1NjBmZGRlMzExMWI5ZGQ1NzcwMzljYjQyMjhmYzJiIn0=", "expire_date": "2018-09-22T06:03:18.632Z"}}, {"model": "sessions.session", "pk": "pj3t3atuzrkppttl7iz9wsri64qb8pdv", "fields": {"session_data": "OWU0OTZlNTQxODg1ZWNiNDc1MzA5NDU4MTQ0ZGFhMzI5NjA0NGMxMTp7Il9hdXRoX3VzZXJfaWQiOiIzIiwiX2F1dGhfdXNlcl9iYWNrZW5kIjoiZGphbmdvLmNvbnRyaWIuYXV0aC5iYWNrZW5kcy5Nb2RlbEJhY2tlbmQiLCJfYXV0aF91c2VyX2hhc2giOiJmNDM4NGJjZGM2ZWIwNjU1YzhjMWY3M2EzYTYyODM0NmIzMjE4MzcxIn0=", "expire_date": "2018-09-22T14:56:41.208Z"}}, {"model": "sessions.session", "pk": "qnn34avtki84vfrrc70qv4240cgc2fvd", "fields": {"session_data": "NTQ3ZGE1ZDhiY2VjOGYzYWY5Y2FhNzNiYjBiNDQ3MWYwOTRiZmI2OTp7Il9hdXRoX3VzZXJfaWQiOiI0IiwiX2F1dGhfdXNlcl9iYWNrZW5kIjoiZGphbmdvLmNvbnRyaWIuYXV0aC5iYWNrZW5kcy5Nb2RlbEJhY2tlbmQiLCJfYXV0aF91c2VyX2hhc2giOiI3ZDQ4M2Y5OTEwZmZiOWNlMmVlYmI0NzY4MDJhZDQzNTg1ZDdiZjQzIn0=", "expire_date": "2018-09-30T08:06:55.060Z"}}, {"model": "sessions.session", "pk": "rmc5x2hf1zc8bghdenhb19uqybtqu3x9", "fields": {"session_data": "YWYzYmM2NzcyMzY0YzdhYTZjZDI0ZmJkZDE3Y2ViMWJjNzcwMTUzODp7Il9hdXRoX3VzZXJfaWQiOiIxIiwiX2F1dGhfdXNlcl9iYWNrZW5kIjoiZGphbmdvLmNvbnRyaWIuYXV0aC5iYWNrZW5kcy5Nb2RlbEJhY2tlbmQiLCJfYXV0aF91c2VyX2hhc2giOiJkNWIxMTlkNGM1NjBmZGRlMzExMWI5ZGQ1NzcwMzljYjQyMjhmYzJiIn0=", "expire_date": "2018-09-23T14:47:28.355Z"}}, {"model": "sessions.session", "pk": "scz243wu4l7h5f1xz2bztjf3ibsyecsn", "fields": {"session_data": "OWM3NzgwZmQ2ZDE5MjAyN2QyMTQ1YmI5MjdkMjFmOTRhY2NhODgzMDp7Il9hdXRoX3VzZXJfaWQiOiI4IiwiX2F1dGhfdXNlcl9iYWNrZW5kIjoiZGphbmdvLmNvbnRyaWIuYXV0aC5iYWNrZW5kcy5Nb2RlbEJhY2tlbmQiLCJfYXV0aF91c2VyX2hhc2giOiI2NjlmMjRlYmQ3OWY2ZjJkNWFlY2RiYjM3YTc4YjU3Zjk5Nzk2Njc4In0=", "expire_date": "2018-10-06T12:35:44.339Z"}}, {"model": "sessions.session", "pk": "sf6kydyfp0pvdyh2z3ex9n9xl062mztl", "fields": {"session_data": "ZjgxZjVmZmEyNWUzNDI3ZDllZjVjNDEwYTc4YzMzMjg1ZmM4ZjkxNzp7Il9hdXRoX3VzZXJfaWQiOiIxIiwiX2F1dGhfdXNlcl9iYWNrZW5kIjoiZGphbmdvLmNvbnRyaWIuYXV0aC5iYWNrZW5kcy5Nb2RlbEJhY2tlbmQiLCJfYXV0aF91c2VyX2hhc2giOiI0Yzg0ODc5MWJmNmMzZWFhNGQzNjQ5ODljYTZjYzYxMWFlODU2OGVmIn0=", "expire_date": "2018-10-16T06:31:17.650Z"}}, {"model": "sessions.session", "pk": "slpoxtvgec5z3gthbguxse5fs1y8mlck", "fields": {"session_data": "YWYzYmM2NzcyMzY0YzdhYTZjZDI0ZmJkZDE3Y2ViMWJjNzcwMTUzODp7Il9hdXRoX3VzZXJfaWQiOiIxIiwiX2F1dGhfdXNlcl9iYWNrZW5kIjoiZGphbmdvLmNvbnRyaWIuYXV0aC5iYWNrZW5kcy5Nb2RlbEJhY2tlbmQiLCJfYXV0aF91c2VyX2hhc2giOiJkNWIxMTlkNGM1NjBmZGRlMzExMWI5ZGQ1NzcwMzljYjQyMjhmYzJiIn0=", "expire_date": "2018-08-12T09:16:51.500Z"}}, {"model": "sessions.session", "pk": "t7bst7ukgr1xmxg5fkuwcm5utggssxgd", "fields": {"session_data": "YWNkMDJkNmQ5MDZlNGI3NzdjMGUwMzVmODZlMzVhZGVlOWFmZmJiMjp7Il9hdXRoX3VzZXJfaWQiOiIxIiwiX2F1dGhfdXNlcl9iYWNrZW5kIjoiZGphbmdvLmNvbnRyaWIuYXV0aC5iYWNrZW5kcy5Nb2RlbEJhY2tlbmQiLCJfYXV0aF91c2VyX2hhc2giOiI2MDM2ZjQ5NDczNjdjMzk1MjA5NTM5NzYyMzIxYWNiOTM3NjE2ZWU3In0=", "expire_date": "2018-11-04T07:08:55.700Z"}}, {"model": "sessions.session", "pk": "tmsiias76b3go4qs0vdgl9ir0vhevfuk", "fields": {"session_data": "YWNkMDJkNmQ5MDZlNGI3NzdjMGUwMzVmODZlMzVhZGVlOWFmZmJiMjp7Il9hdXRoX3VzZXJfaWQiOiIxIiwiX2F1dGhfdXNlcl9iYWNrZW5kIjoiZGphbmdvLmNvbnRyaWIuYXV0aC5iYWNrZW5kcy5Nb2RlbEJhY2tlbmQiLCJfYXV0aF91c2VyX2hhc2giOiI2MDM2ZjQ5NDczNjdjMzk1MjA5NTM5NzYyMzIxYWNiOTM3NjE2ZWU3In0=", "expire_date": "2018-11-03T05:40:28.291Z"}}, {"model": "sessions.session", "pk": "tuvla9i4uffcua7d8z3qmcezs0ubav0r", "fields": {"session_data": "YWYzYmM2NzcyMzY0YzdhYTZjZDI0ZmJkZDE3Y2ViMWJjNzcwMTUzODp7Il9hdXRoX3VzZXJfaWQiOiIxIiwiX2F1dGhfdXNlcl9iYWNrZW5kIjoiZGphbmdvLmNvbnRyaWIuYXV0aC5iYWNrZW5kcy5Nb2RlbEJhY2tlbmQiLCJfYXV0aF91c2VyX2hhc2giOiJkNWIxMTlkNGM1NjBmZGRlMzExMWI5ZGQ1NzcwMzljYjQyMjhmYzJiIn0=", "expire_date": "2018-08-05T12:12:57.221Z"}}, {"model": "auth.permission", "pk": 1, "fields": {"name": "Can add log entry", "content_type": 1, "codename": "add_logentry"}}, {"model": "auth.permission", "pk": 2, "fields": {"name": "Can change log entry", "content_type": 1, "codename": "change_logentry"}}, {"model": "auth.permission", "pk": 3, "fields": {"name": "Can delete log entry", "content_type": 1, "codename": "delete_logentry"}}, {"model": "auth.permission", "pk": 4, "fields": {"name": "Can add permission", "content_type": 2, "codename": "add_permission"}}, {"model": "auth.permission", "pk": 5, "fields": {"name": "Can change permission", "content_type": 2, "codename": "change_permission"}}, {"model": "auth.permission", "pk": 6, "fields": {"name": "Can delete permission", "content_type": 2, "codename": "delete_permission"}}, {"model": "auth.permission", "pk": 7, "fields": {"name": "Can add group", "content_type": 3, "codename": "add_group"}}, {"model": "auth.permission", "pk": 8, "fields": {"name": "Can change group", "content_type": 3, "codename": "change_group"}}, {"model": "auth.permission", "pk": 9, "fields": {"name": "Can delete group", "content_type": 3, "codename": "delete_group"}}, {"model": "auth.permission", "pk": 10, "fields": {"name": "Can add user", "content_type": 4, "codename": "add_user"}}, {"model": "auth.permission", "pk": 11, "fields": {"name": "Can change user", "content_type": 4, "codename": "change_user"}}, {"model": "auth.permission", "pk": 12, "fields": {"name": "Can delete user", "content_type": 4, "codename": "delete_user"}}, {"model": "auth.permission", "pk": 13, "fields": {"name": "Can add content type", "content_type": 5, "codename": "add_contenttype"}}, {"model": "auth.permission", "pk": 14, "fields": {"name": "Can change content type", "content_type": 5, "codename": "change_contenttype"}}, {"model": "auth.permission", "pk": 15, "fields": {"name": "Can delete content type", "content_type": 5, "codename": "delete_contenttype"}}, {"model": "auth.permission", "pk": 16, "fields": {"name": "Can add session", "content_type": 6, "codename": "add_session"}}, {"model": "auth.permission", "pk": 17, "fields": {"name": "Can change session", "content_type": 6, "codename": "change_session"}}, {"model": "auth.permission", "pk": 18, "fields": {"name": "Can delete session", "content_type": 6, "codename": "delete_session"}}, {"model": "auth.permission", "pk": 19, "fields": {"name": "Can add question", "content_type": 7, "codename": "add_question"}}, {"model": "auth.permission", "pk": 20, "fields": {"name": "Can change question", "content_type": 7, "codename": "change_question"}}, {"model": "auth.permission", "pk": 21, "fields": {"name": "Can delete question", "content_type": 7, "codename": "delete_question"}}, {"model": "auth.permission", "pk": 22, "fields": {"name": "Can add topic", "content_type": 8, "codename": "add_topic"}}, {"model": "auth.permission", "pk": 23, "fields": {"name": "Can change topic", "content_type": 8, "codename": "change_topic"}}, {"model": "auth.permission", "pk": 24, "fields": {"name": "Can delete topic", "content_type": 8, "codename": "delete_topic"}}, {"model": "auth.permission", "pk": 25, "fields": {"name": "Can add answer", "content_type": 9, "codename": "add_answer"}}, {"model": "auth.permission", "pk": 26, "fields": {"name": "Can change answer", "content_type": 9, "codename": "change_answer"}}, {"model": "auth.permission", "pk": 27, "fields": {"name": "Can delete answer", "content_type": 9, "codename": "delete_answer"}}, {"model": "auth.permission", "pk": 28, "fields": {"name": "Can add profile", "content_type": 10, "codename": "add_profile"}}, {"model": "auth.permission", "pk": 29, "fields": {"name": "Can change profile", "content_type": 10, "codename": "change_profile"}}, {"model": "auth.permission", "pk": 30, "fields": {"name": "Can delete profile", "content_type": 10, "codename": "delete_profile"}}, {"model": "auth.permission", "pk": 31, "fields": {"name": "Can view log entry", "content_type": 1, "codename": "view_logentry"}}, {"model": "auth.permission", "pk": 32, "fields": {"name": "Can view permission", "content_type": 2, "codename": "view_permission"}}, {"model": "auth.permission", "pk": 33, "fields": {"name": "Can view group", "content_type": 3, "codename": "view_group"}}, {"model": "auth.permission", "pk": 34, "fields": {"name": "Can view user", "content_type": 4, "codename": "view_user"}}, {"model": "auth.permission", "pk": 35, "fields": {"name": "Can view content type", "content_type": 5, "codename": "view_contenttype"}}, {"model": "auth.permission", "pk": 36, "fields": {"name": "Can view session", "content_type": 6, "codename": "view_session"}}, {"model": "auth.permission", "pk": 37, "fields": {"name": "Can view answer", "content_type": 9, "codename": "view_answer"}}, {"model": "auth.permission", "pk": 38, "fields": {"name": "Can view question", "content_type": 7, "codename": "view_question"}}, {"model": "auth.permission", "pk": 39, "fields": {"name": "Can view topic", "content_type": 8, "codename": "view_topic"}}, {"model": "auth.permission", "pk": 40, "fields": {"name": "Can view profile", "content_type": 10, "codename": "view_profile"}}, {"model": "auth.user", "pk": 1, "fields": {"password": "pbkdf2_sha256$120000$4CK3ZpnElolV$Qqe8bjsQHEw4lKTO9lxvALB3bRH33ad6YEEMfEn5MU8=", "last_login": "2019-08-16T06:55:11.788Z", "is_superuser": true, "username": "savaj", "first_name": "", "last_name": "", "email": "jayesh.karvir@somaiya.edu", "is_staff": true, "is_active": true, "date_joined": "2018-07-22T12:05:18.794Z", "groups": [], "user_permissions": []}}, {"model": "auth.user", "pk": 3, "fields": {"password": "pbkdf2_sha256$100000$UPdASnrkXH1g$3PHmOl7eykkquwsSurqkz+lXJHXuYADpyUwdSYRW69U=", "last_login": "2018-12-02T17:03:46.847Z", "is_superuser": true, "username": "jayeshkarvir5", "first_name": "Jayesh", "last_name": "Karvir", "email": "jayeshkarvir5@gmail.com", "is_staff": true, "is_active": true, "date_joined": "2018-08-12T15:21:14Z", "groups": [], "user_permissions": []}}, {"model": "auth.user", "pk": 8, "fields": {"password": "pbkdf2_sha256$100000$TQuvia0x1Brs$otjLzETsdE32iB0zVZcP0RIa/mfJ7h0H+mmxC/AWu0Y=", "last_login": "2018-10-21T07:01:42.618Z", "is_superuser": true, "username": "FeQtA", "first_name": "Team", "last_name": "FeQtA", "email": "jayeshkarvir5@hotmail.com", "is_staff": true, "is_active": true, "date_joined": "2018-09-16T10:38:15Z", "groups": [], "user_permissions": []}}, {"model": "auth.user", "pk": 15, "fields": {"password": "pbkdf2_sha256$100000$cLuvdvQrzVfn$P5xbjDaDA3GKKBi4wr8ZXpn3eV8cu7qPEVNrjX8Dtoo=", "last_login": "2018-10-19T13:56:20Z", "is_superuser": false, "username": "varun.pp", "first_name": "Varun", "last_name": "Parmar", "email": "varun.pp@yahoo.com", "is_staff": false, "is_active": true, "date_joined": "2018-10-19T12:58:24Z", "groups": [], "user_permissions": []}}, {"model": "auth.user", "pk": 16, "fields": {"password": "pbkdf2_sha256$100000$77Eygg9LE09K$bAj1lpeGZ6S/4+GXK4R3UwbMPONadusI9znyua7mVCM=", "last_login": "2018-10-19T13:58:06Z", "is_superuser": false, "username": "shr.more", "first_name": "Shreyas", "last_name": "More", "email": "shrmore@hotmail.com", "is_staff": false, "is_active": true, "date_joined": "2018-10-19T12:59:09Z", "groups": [], "user_permissions": []}}, {"model": "auth.user", "pk": 17, "fields": {"password": "pbkdf2_sha256$100000$Mn1XXAZbveun$Nvw4P9ZRCrCUactCGR1xr4zGFo4jZ6oRY5a0AiIBJks=", "last_login": null, "is_superuser": false, "username": "aman.dedhia", "first_name": "Aman", "last_name": "Dedhia", "email": "aman@gmail.com", "is_staff": false, "is_active": true, "date_joined": "2018-10-19T12:59:32Z", "groups": [], "user_permissions": []}}, {"model": "auth.user", "pk": 22, "fields": {"password": "pbkdf2_sha256$100000$xHc2nWtmGbwK$daJvC2NzI3UmtgZJ+Qt/Er7f+vnI6/eLkjEsNng85NE=", "last_login": "2018-12-02T16:55:22.733Z", "is_superuser": false, "username": "udit", "first_name": "", "last_name": "", "email": "uu@gmail.com", "is_staff": false, "is_active": true, "date_joined": "2018-12-02T16:54:57.292Z", "groups": [], "user_permissions": []}}, {"model": "auth.user", "pk": 23, "fields": {"password": "pbkdf2_sha256$120000$LxcT2hxwyWJv$z4WWPHAzFvhT0smRm4BLn6HEDBhUZ0q45w6r5iM1E/g=", "last_login": "2019-08-15T06:17:22.606Z", "is_superuser": false, "username": "magpie", "first_name": "", "last_name": "", "email": "mp@gmail.com", "is_staff": false, "is_active": true, "date_joined": "2019-08-15T06:14:52.264Z", "groups": [], "user_permissions": []}}, {"model": "FeQta.profile", "pk": 1, "fields": {"user": 3, "timestamp": "2018-09-13T07:27:11.303Z", "updated": "2018-12-02T16:56:27.239Z", "desc": "I have cracked GRE and I am here to help you people out.", "pic": "", "score": 13, "followers": [1, 8, 22]}}, {"model": "FeQta.profile", "pk": 2, "fields": {"user": 1, "timestamp": "2018-09-13T07:37:23.776Z", "updated": "2018-11-02T13:57:47.515Z", "desc": "IITB alumus.Physics Enthusiast.", "pic": "jk_YA5Rzq1.png", "score": 8, "followers": [3, 8]}}, {"model": "FeQta.profile", "pk": 6, "fields": {"user": 8, "timestamp": "2018-09-16T10:38:15.498Z", "updated": "2018-10-20T13:29:07.124Z", "desc": "", "pic": "", "score": 8, "followers": [1, 3, 15, 16, 17, 22, 23]}}, {"model": "FeQta.profile", "pk": 14, "fields": {"user": 15, "timestamp": "2018-10-19T12:58:26.105Z", "updated": "2018-12-02T16:59:52.502Z", "desc": null, "pic": "", "score": 11, "followers": [3, 8]}}, {"model": "FeQta.profile", "pk": 15, "fields": {"user": 16, "timestamp": "2018-10-19T12:59:09.977Z", "updated": "2018-11-06T12:27:27.841Z", "desc": null, "pic": "", "score": 12, "followers": [8]}}, {"model": "FeQta.profile", "pk": 16, "fields": {"user": 17, "timestamp": "2018-10-19T12:59:33.915Z", "updated": "2018-10-21T06:34:40.383Z", "desc": null, "pic": "", "score": 10, "followers": [3, 8]}}, {"model": "FeQta.profile", "pk": 21, "fields": {"user": 22, "timestamp": "2018-12-02T16:54:57.617Z", "updated": "2018-12-02T17:07:44.850Z", "desc": "MBA Student at Chetana's", "pic": "7.jpg", "score": 1, "followers": [8]}}, {"model": "FeQta.profile", "pk": 22, "fields": {"user": 23, "timestamp": "2019-08-15T06:14:52.448Z", "updated": "2019-08-15T06:16:46.231Z", "desc": "Cool monkey.", "pic": "", "score": 0, "followers": [8]}}, {"model": "FeQta.topic", "pk": 3, "fields": {"name": "SSC", "desc": "Exam to get into Junior College.", "topic_logo": "IMG_2374.PNG", "slug": "ssc", "followers": [1, 3]}}, {"model": "FeQta.topic", "pk": 4, "fields": {"name": "JEE", "desc": "Joint Entrance Exam for Engineers who want to get into one of the most prestigious colleges in India.", "topic_logo": "Joint-Entrance-Exam-JEE.jpg", "slug": "jee", "followers": [1, 3, 22]}}, {"model": "FeQta.topic", "pk": 5, "fields": {"name": "NEET", "desc": "Entrance exam for Medical students.", "topic_logo": "NEET-Exam.jpg", "slug": "neet", "followers": [1]}}, {"model": "FeQta.topic", "pk": 14, "fields": {"name": "HSC", "desc": "Exam to get into Eng College.", "topic_logo": "Penguins_fuCgvQi.jpg", "slug": "hsc-l4ok", "followers": []}}, {"model": "FeQta.topic", "pk": 15, "fields": {"name": "GMAT", "desc": "Exam for Masters", "topic_logo": "gmat.jpg", "slug": "gmat", "followers": []}}, {"model": "FeQta.topic", "pk": 30, "fields": {"name": "GRE", "desc": "Exam To Study Master's", "topic_logo": "gre.png", "slug": "gre-efba", "followers": [1]}}, {"model": "FeQta.topic", "pk": 33, "fields": {"name": "TOEFL", "desc": "English Exam to get into Foreign Universities.", "topic_logo": "toefl.png", "slug": "toefl", "followers": [1]}}, {"model": "FeQta.topic", "pk": 34, "fields": {"name": "IELTS", "desc": "Listening And Speaking Test to seek admission in Foriegn Universities", "topic_logo": "ielts.jpg", "slug": "ielts", "followers": [3, 17]}}, {"model": "FeQta.topic", "pk": 35, "fields": {"name": "CAT- Common Admission Test", "desc": "CAT is the premier all India management entrance exam conducted by IIM's.", "topic_logo": "cat_L46mvsS.png", "slug": "cat-common-admission-test", "followers": [1, 15, 16, 22]}}, {"model": "FeQta.topic", "pk": 36, "fields": {"name": "UPSC", "desc": "Civil Services Exam", "topic_logo": "upsc.jpg", "slug": "upsc", "followers": []}}, {"model": "FeQta.question", "pk": 1, "fields": {"owner": 3, "topic": 4, "question": "How do I score 360/360 in JEE Mains 2019 ?", "desc": "I am working hard for JEE 19.Just need some more motivation.", "slug": "question-byjayeshkarvir51", "timestamp": "2018-09-13T07:23:38.652Z", "updated": "2018-10-20T13:21:06.470Z", "followers": []}}, {"model": "FeQta.question", "pk": 2, "fields": {"owner": 1, "topic": 4, "question": "How difficult was JEE Advanced 2018?", "desc": "", "slug": "question-bysavaj2", "timestamp": "2018-09-13T07:23:38.652Z", "updated": "2018-10-20T13:30:20.904Z", "followers": [3]}}, {"model": "FeQta.question", "pk": 3, "fields": {"owner": 3, "topic": 30, "question": "What is GRE?", "desc": "", "slug": "question-byjayeshkarvir53", "timestamp": "2018-09-13T07:23:38.652Z", "updated": "2018-09-16T12:57:02.452Z", "followers": [1]}}, {"model": "FeQta.question", "pk": 5, "fields": {"owner": 3, "topic": 30, "question": "Which is the best private institute to prepare for GRE?", "desc": "I want  classes for GRE.Hoping for some good suggestions.", "slug": "question-byjayeshkarvir55", "timestamp": "2018-09-13T07:23:38.652Z", "updated": "2018-09-16T12:14:33.733Z", "followers": []}}, {"model": "FeQta.question", "pk": 10, "fields": {"owner": 3, "topic": 30, "question": "Which are the best books or learning resources to prepare for the GRE?", "desc": "", "slug": "question-byjayeshkarvir5none", "timestamp": "2018-10-19T12:55:52.596Z", "updated": "2018-10-19T12:55:52.596Z", "followers": []}}, {"model": "FeQta.question", "pk": 11, "fields": {"owner": 17, "topic": 30, "question": "How to prepare for GRE verbal reasoning?", "desc": "", "slug": "question-byamandedhianone", "timestamp": "2018-10-19T13:00:38.061Z", "updated": "2018-10-19T13:00:38.061Z", "followers": []}}, {"model": "FeQta.question", "pk": 12, "fields": {"owner": 15, "topic": 30, "question": "Which book should I prefer for GRE?", "desc": "", "slug": "question-byvarunppnone", "timestamp": "2018-10-19T13:03:05.108Z", "updated": "2018-11-02T14:00:23.419Z", "followers": [1]}}, {"model": "FeQta.question", "pk": 13, "fields": {"owner": 16, "topic": 15, "question": "What are some goods books for GMAT preparation?", "desc": "", "slug": "question-byshrmorenone", "timestamp": "2018-10-19T13:06:32.226Z", "updated": "2018-10-19T13:06:32.226Z", "followers": []}}, {"model": "FeQta.question", "pk": 14, "fields": {"owner": 15, "topic": 15, "question": "How do I start my GMAT preparations from scratch?", "desc": "", "slug": "question-byvarunppnone-7qa9", "timestamp": "2018-10-19T13:08:54.051Z", "updated": "2018-10-19T13:08:54.051Z", "followers": []}}, {"model": "FeQta.question", "pk": 15, "fields": {"owner": 16, "topic": 15, "question": "What is GMAT?", "desc": "", "slug": "question-byshrmorenone-riay", "timestamp": "2018-10-19T13:11:13.431Z", "updated": "2018-10-19T13:11:13.431Z", "followers": []}}, {"model": "FeQta.question", "pk": 16, "fields": {"owner": 3, "topic": 5, "question": "What is NEET?", "desc": "", "slug": "question-byjayeshkarvir5none-ftrp", "timestamp": "2018-10-19T13:13:00.756Z", "updated": "2018-10-21T07:09:13.797Z", "followers": [1]}}, {"model": "FeQta.question", "pk": 17, "fields": {"owner": 16, "topic": 5, "question": "How should I prepare for the NEET?", "desc": "", "slug": "question-byshrmorenone-a1lc", "timestamp": "2018-10-19T13:13:46.876Z", "updated": "2018-10-19T13:13:46.876Z", "followers": []}}, {"model": "FeQta.question", "pk": 18, "fields": {"owner": 15, "topic": 5, "question": "What are the best books to refer for CBSE NEET Entrance Exam?", "desc": "", "slug": "question-byvarunppnone-kvwn", "timestamp": "2018-10-19T13:15:29.410Z", "updated": "2018-10-19T13:15:29.410Z", "followers": []}}, {"model": "FeQta.question", "pk": 19, "fields": {"owner": 17, "topic": 5, "question": "How do I start preparing for NEET 2019?", "desc": "", "slug": "question-byamandedhianone-hfs8", "timestamp": "2018-10-19T13:16:58.554Z", "updated": "2018-10-19T13:16:58.554Z", "followers": []}}, {"model": "FeQta.question", "pk": 20, "fields": {"owner": 17, "topic": 4, "question": "What is JEE Main ?", "desc": "", "slug": "question-byamandedhianone-rcfk", "timestamp": "2018-10-19T13:18:39.503Z", "updated": "2018-10-21T06:34:40.303Z", "followers": [1, 3]}}, {"model": "FeQta.question", "pk": 21, "fields": {"owner": 15, "topic": 4, "question": "Which are the best online IIT JEE coaching?", "desc": "", "slug": "question-byvarunppnone-js3e", "timestamp": "2018-10-19T13:24:51.201Z", "updated": "2018-12-02T16:59:52.427Z", "followers": [1]}}, {"model": "FeQta.question", "pk": 22, "fields": {"owner": 15, "topic": 33, "question": "How can I pass the TOEFL exam with a high grade?", "desc": "", "slug": "question-byvarunppnone-vku1", "timestamp": "2018-10-19T13:26:02.438Z", "updated": "2018-10-19T13:26:02.438Z", "followers": []}}, {"model": "FeQta.question", "pk": 23, "fields": {"owner": 17, "topic": 33, "question": "What is the best study material for TOEFL?", "desc": "", "slug": "question-byamandedhianone-pc2q", "timestamp": "2018-10-19T13:27:16.340Z", "updated": "2018-10-19T13:27:16.340Z", "followers": []}}, {"model": "FeQta.question", "pk": 24, "fields": {"owner": 17, "topic": 34, "question": "What is the best way to prepare for IELTS?", "desc": "", "slug": "question-byamandedhianone-l2gk", "timestamp": "2018-10-19T13:48:26.517Z", "updated": "2018-10-19T13:48:26.517Z", "followers": []}}, {"model": "FeQta.question", "pk": 25, "fields": {"owner": 15, "topic": 34, "question": "How to prepare for the Listening section?", "desc": "", "slug": "question-byvarunppnone-5es4", "timestamp": "2018-10-19T13:49:34.058Z", "updated": "2018-10-19T13:49:34.058Z", "followers": []}}, {"model": "FeQta.question", "pk": 26, "fields": {"owner": 17, "topic": 34, "question": "How to prepare for the Writing section?", "desc": "", "slug": "question-byamandedhianone-rgzr", "timestamp": "2018-10-19T13:50:16.924Z", "updated": "2018-10-19T13:50:16.924Z", "followers": []}}, {"model": "FeQta.question", "pk": 27, "fields": {"owner": 16, "topic": 34, "question": "How to prepare for Speaking section?", "desc": "", "slug": "question-byshrmorenone-dwjz", "timestamp": "2018-10-19T13:51:25.471Z", "updated": "2018-10-19T13:51:25.471Z", "followers": []}}, {"model": "FeQta.question", "pk": 28, "fields": {"owner": 15, "topic": 35, "question": "How do I prepare myself for CAT?", "desc": "", "slug": "question-byvarunppnone-srx0", "timestamp": "2018-10-19T13:55:25.527Z", "updated": "2018-10-20T13:49:56.354Z", "followers": [3]}}, {"model": "FeQta.question", "pk": 29, "fields": {"owner": 15, "topic": 35, "question": "What is a CAT exam?", "desc": "", "slug": "question-byvarunppnone-r0e5", "timestamp": "2018-10-19T13:57:46.415Z", "updated": "2018-10-19T13:57:46.415Z", "followers": []}}, {"model": "FeQta.question", "pk": 30, "fields": {"owner": 17, "topic": 35, "question": "How do I score a good percentile in CAT'19?", "desc": "", "slug": "question-byamandedhianone-fxal", "timestamp": "2018-10-19T14:04:38.378Z", "updated": "2018-10-19T14:05:41.226Z", "followers": []}}, {"model": "FeQta.question", "pk": 31, "fields": {"owner": 17, "topic": 36, "question": "What is the best optional subject for the UPSC mains?", "desc": "", "slug": "question-byamandedhianone-zt83", "timestamp": "2018-10-20T05:46:11.858Z", "updated": "2018-10-20T05:46:11.858Z", "followers": []}}, {"model": "FeQta.question", "pk": 32, "fields": {"owner": 16, "topic": 36, "question": "What are the best online coaching classes for UPSC?", "desc": "", "slug": "question-byshrmorenone-1y29", "timestamp": "2018-10-20T05:48:16.986Z", "updated": "2018-10-20T05:48:16.987Z", "followers": []}}, {"model": "FeQta.question", "pk": 33, "fields": {"owner": 15, "topic": 36, "question": "What is UPSC?", "desc": "", "slug": "question-byvarunppnone-ygjd", "timestamp": "2018-10-20T05:50:46.756Z", "updated": "2018-10-20T05:50:46.756Z", "followers": []}}, {"model": "FeQta.question", "pk": 37, "fields": {"owner": 22, "topic": 35, "question": "Test question by udit?", "desc": "", "slug": "question-byuditnone", "timestamp": "2018-12-02T17:00:23.047Z", "updated": "2018-12-02T17:00:23.047Z", "followers": []}}, {"model": "FeQta.answer", "pk": 6, "fields": {"owner": 1, "question": 5, "answer": "Lorem ipsum dolor sit amet, consectetur adipiscing elit. Etiam eleifend condimentum enim sed mollis. Donec scelerisque venenatis ex. Vestibulum iaculis ornare diam, id commodo justo dapibus sed. Sed magna nibh, molestie in varius vel, aliquet eu lacus. Integer condimentum sapien purus, nec commodo quam ultrices pellentesque. In odio erat, feugiat ut aliquam eget, volutpat vitae risus. Pellentesque habitant morbi tristique senectus et netus et malesuada fames ac turpis egestas.", "timestamp": "2018-08-25T12:49:10.851Z", "updated": "2018-09-16T12:08:50.291Z", "slug": "answer-to5bysavaj", "likes": [], "needs_improvement": [], "dislikes": []}}, {"model": "FeQta.answer", "pk": 7, "fields": {"owner": 1, "question": 5, "answer": "Lorem Ipsum is simply dummy text of the printing and typesetting industry. Lorem Ipsum has been the industry's standard dummy text ever since the 1500s, when an unknown printer took a galley of type and scrambled it to make a type specimen book. It has survived not only five centuries, but also the leap into electronic typesetting, remaining essentially unchanged. It was popularised in the 1960s with the release of Letraset sheets containing Lorem Ipsum passages, and more recently with desktop publishing software like Aldus PageMaker including versions of Lorem Ipsum.", "timestamp": "2018-08-25T12:55:51.502Z", "updated": "2018-10-20T13:31:40.068Z", "slug": "answer-to5bysavaj-5m8t", "likes": [], "needs_improvement": [], "dislikes": [3]}}, {"model": "FeQta.answer", "pk": 18, "fields": {"owner": 1, "question": 10, "answer": "I wrote GRE in 2015 and scored 330/340 after preparing for 20 days.\r\nI scored 170/170 in Quant and 160/170 in Verbal. I learned words using Barron's 1100 words android application and Word power made easy(Norman Lewis).\r\n\r\nBarron's 1100 app link: Barron's 1100 - Android Apps on Google Play\r\nWord power made easy: Buy the book, it's very cheap.\r\n\r\nI learned words from only these two sources and almost all the words on actual exam were covered by these two sources. Make sure that you do not simply cram the meanings. Try to understand the context.\r\n\r\nI think learning these two sources in their entirety is sufficient for building a decent vocabulary for GRE", "timestamp": "2018-10-19T12:56:55.255Z", "updated": "2018-10-19T12:56:55.256Z", "slug": "answer-to10bysavaj", "likes": [1], "needs_improvement": [], "dislikes": []}}, {"model": "FeQta.answer", "pk": 19, "fields": {"owner": 16, "question": 11, "answer": "Practising Reading Comprehension questions helps a lot. The most important part is to review the solutions of the passages after you have attempted them and understand why all the other answers are wrong. There are 4/5 different variants of trap answers which are common to most passages. I found this link very useful - GMAT RC: Eliminating Wrong Answers. Even though its written for the GMAT, it works in the GRE too.", "timestamp": "2018-10-19T13:01:52.683Z", "updated": "2018-10-21T07:10:09.108Z", "slug": "answer-to11byshrmore", "likes": [3], "needs_improvement": [], "dislikes": [1]}}, {"model": "FeQta.answer", "pk": 20, "fields": {"owner": 3, "question": 12, "answer": "Best is subjective to the criteria you\u2019re using to evaluate books/courses.\r\n\r\nMagoosh - Best Overall Value. With 6 months of access to over 200 video lessons, 1000+ practice questions, and 3 practice tests for $149- this is easily the best value of any course. Plus, they offer a +5 total score guarantee if you\u2019re retaking it. While they don\u2019t offer feedback for AWA essays and don\u2019t have as many practice questions/tests as some of the competition, it\u2019s more than enough for most students.", "timestamp": "2018-10-19T13:03:43.090Z", "updated": "2018-11-02T14:13:22.648Z", "slug": "answer-to12byjayeshkarvir5", "likes": [1], "needs_improvement": [], "dislikes": []}}, {"model": "FeQta.answer", "pk": 21, "fields": {"owner": 17, "question": 3, "answer": "It is a standardized test that is generally required by universities in the US and certain other universities across the globe. What is a standardized test, you ask? A standardized test is any test which requires all test-takers to a) answer the same questions or questions from a common bank of questions in the same manner and b) that is scored or evaluated in the same manner. This ensures that all test-takers, objectively, have an equal shot at success and also allows for the comparison of the relative performance of an individual.\r\n\r\nNow let\u2019s cover the rest of the basics. The GRE exam can be divided broadly into two categories:\r\n\r\nThe Quantitative Reasoning Section\r\nThe Verbal Reasoning Section - Both assessed on a scale of 130-170", "timestamp": "2018-10-19T13:05:30.588Z", "updated": "2018-10-19T13:05:30.588Z", "slug": "answer-to3byamandedhia", "likes": [], "needs_improvement": [], "dislikes": []}}, {"model": "FeQta.answer", "pk": 22, "fields": {"owner": 3, "question": 13, "answer": "Manhattan Strategy Guides: I suggest you start with these. Sentence correction, critical reasoning, reading comprehension, and integrated reasoning & essay. These books will build your basic knowledge and at the same time offer you decent number of questions to practice.", "timestamp": "2018-10-19T13:07:41.104Z", "updated": "2018-10-21T07:12:14.544Z", "slug": "answer-to13byjayeshkarvir5", "likes": [], "needs_improvement": [1], "dislikes": []}}, {"model": "FeQta.answer", "pk": 23, "fields": {"owner": 17, "question": 14, "answer": "As we Indians are generally good at maths, I would suggest that you start your preparation with the GMAT Quant topics.\r\n\r\nIt will help you to get in the habit of studying while boosting your confidence at the same time.\r\nAfter you manage to get a decent accuracy level (say 80%) in the quant section move over to GMAT verbal topics.\r\n\r\nNow verbal, as far as I can tell from my experience and from that of my friends\u2019, requires comparatively a lot more effort as we are generally not subjected to this tricky a test of our command over the English language.", "timestamp": "2018-10-19T13:10:06.836Z", "updated": "2018-10-19T13:10:21.472Z", "slug": "answer-to14byamandedhia", "likes": [1], "needs_improvement": [], "dislikes": []}}, {"model": "FeQta.answer", "pk": 24, "fields": {"owner": 3, "question": 15, "answer": "The Graduate Management Aptitude Test is a standardized Computer Adaptive Exam taken for admissions into graduate management programs around the globe and majorly in United States. It tests your quantitative, verbal, analytical and writing skills. Several prospective students from various backgrounds aim to get admission in top business schools around the world. GMAT Test offers a good method of choosing the best applicants among several students based on the scores, making the system of selection for management course more transparent.", "timestamp": "2018-10-19T13:11:37.724Z", "updated": "2018-10-21T07:11:35.441Z", "slug": "answer-to15byjayeshkarvir5", "likes": [1], "needs_improvement": [], "dislikes": []}}, {"model": "FeQta.answer", "pk": 25, "fields": {"owner": 15, "question": 16, "answer": "National Eligibility cum EntranceTest \r\n\r\nIt's a entrance examination in India, for students who wish to study any graduate medical course (MBBS ), dental course ( BDS) or postgraduate course (MD / MS ) in government or private medical colleges in India.", "timestamp": "2018-10-19T13:13:15.847Z", "updated": "2018-10-21T05:28:08.994Z", "slug": "answer-to16byvarunpp", "likes": [3], "needs_improvement": [], "dislikes": []}}, {"model": "FeQta.answer", "pk": 26, "fields": {"owner": 17, "question": 17, "answer": "Clearing the NEET needs hard work, dedication and strategy.Remember that text books alone won't help, minimise textbooks and maximise MCQ practice.The more you solve ,the more you learn .Also, focus correctly on NCERT .Give timed tests.Then NEET is not tough enough .\r\n\r\nAnd for reference books, surf the ones you feel comfortable with; suggestions will not be that much effective. You will know about standard books on bookstores or from concerned teachers.\r\n\r\nIf you have any other query regarding NEET , feel free to drop a message .", "timestamp": "2018-10-19T13:14:40.535Z", "updated": "2018-10-19T13:14:40.535Z", "slug": "answer-to17byamandedhia", "likes": [], "needs_improvement": [], "dislikes": []}}, {"model": "FeQta.answer", "pk": 27, "fields": {"owner": 16, "question": 18, "answer": "NCERT Books:\r\n\r\nA major portion of NEET Syllabus is covered in the CBSE 11th and 12th board syllabus. Therefore, every student should complete the NCERT books first to understand and clear various concepts. Still, there are certain topics and concepts which the NCERT books do not cover. Hence, in order to gain command over those topics, candidates will need some reference books for NEET.", "timestamp": "2018-10-19T13:15:56.715Z", "updated": "2018-10-19T13:16:17.099Z", "slug": "answer-to18byshrmore", "likes": [], "needs_improvement": [], "dislikes": []}}, {"model": "FeQta.answer", "pk": 28, "fields": {"owner": 16, "question": 19, "answer": "Check for the complete syllabus and pattern.\r\nSolve last year question papers. This is the best way to prepare for the NEET exam as this will give you a clear idea about the pattern and difficulty level of the questions.\r\nChoose best study materials for your preparation.\r\nMake notes of all the important topics or anything that is important for the exam. This will help you in your last minute preparation.\r\nTake online test series. This will help you analyze your level of preparation and also increase your speed and accuracy.\r\nImprove your weaker areas first. Study more for the topics in which you are weak.\r\nTake Proper sleep.", "timestamp": "2018-10-19T13:17:30.395Z", "updated": "2018-10-19T13:17:30.395Z", "slug": "answer-to19byshrmore", "likes": [], "needs_improvement": [], "dislikes": []}}, {"model": "FeQta.answer", "pk": 29, "fields": {"owner": 15, "question": 20, "answer": "IIT JEE is one of the toughest engineering entrance exams in India. It is conducted in two tiers- IIT JEE Main and IIT JEE Advanced. Only those candidates appear for IIT JEE Advanced who qualify JEE Main Examination.\r\n\r\nIIT JEE Exam is the gateway for IITs, NITs and various other prestigious engineering colleges. Every engineering aspirant wishes to get into IITs and NITs. But cracking IIT JEE Exam is not an easy task. It requires a lot of sincere hard work and perseverance.", "timestamp": "2018-10-19T13:19:14.357Z", "updated": "2018-10-19T13:19:14.357Z", "slug": "answer-to20byvarunpp", "likes": [], "needs_improvement": [], "dislikes": []}}, {"model": "FeQta.answer", "pk": 30, "fields": {"owner": 16, "question": 1, "answer": "It is not practically possible to get an answer from FeQta and some magic tip could make you score 360 in JEE Mains. It does not happen this way.\r\n\r\nThe people who score well or have scored well at some point in their life (maybe in school), Knows it. You need conceptual understanding and clarity of syllabus to even attempt maximum questions. Even then, there are chances of loosing some marks because you have to do it in a confined time frame.\r\n\r\nREVISE - PRACTICE - LEARN - REPEAT is the Key of scoring well in any competitive examination", "timestamp": "2018-10-19T13:21:29.381Z", "updated": "2018-10-20T12:40:33.578Z", "slug": "answer-to1byshrmore", "likes": [1, 8], "needs_improvement": [], "dislikes": []}}, {"model": "FeQta.answer", "pk": 31, "fields": {"owner": 16, "question": 2, "answer": "The exam was in itself much more a game of strategy more than solving in a routine manner . The paper 2 physics was not tough for someone who had spent a lot of time understanding the way things work . The paper tested the application ability of students and it also proved a tough one for students who had worked hard without developing intuition during the JEE Preparation Days .", "timestamp": "2018-10-19T13:22:55.210Z", "updated": "2018-10-21T06:11:27.439Z", "slug": "answer-to2byshrmore", "likes": [], "needs_improvement": [1], "dislikes": []}}, {"model": "FeQta.answer", "pk": 32, "fields": {"owner": 17, "question": 21, "answer": "Coaching for IIT JEE, that too sitting at home can become a bit tedious if done on your own. And if there\u2019s no good tech to support your learning, it becomes a lot more difficult to get hold of concepts. Being someone who was in those shoes long-time back, I can vouch for the experience.\r\n\r\nWhile there are many portals trying to serve the objective, I find Masterclass Space, a specialized software-based online teaching portal which allows interactive and convenient online classes for IIT-JEE students to be a pretty good option. My cousin has enrolled for the course and is loving it to the hilt.", "timestamp": "2018-10-19T13:25:10.841Z", "updated": "2018-10-20T13:03:37.659Z", "slug": "answer-to21byamandedhia", "likes": [1], "needs_improvement": [], "dislikes": []}}, {"model": "FeQta.answer", "pk": 33, "fields": {"owner": 16, "question": 22, "answer": "TOEFL- is one of the most challenging tests you will ever take in your life. You need to study hard equally smart to get a highj score on the TOEFL. Here is a list of ten things that will help you get the highest score possible.The TOEFL is the Test of English as a Foreign Language. It is an English proficiency test produced by an American company called ETS. It measures your English reading, listening, speaking, and writing skills, and your ability to succeed at an English-speaking university.", "timestamp": "2018-10-19T13:26:24.736Z", "updated": "2018-10-21T07:09:54.988Z", "slug": "answer-to22byshrmore", "likes": [1], "needs_improvement": [], "dislikes": []}}, {"model": "FeQta.answer", "pk": 34, "fields": {"owner": 16, "question": 23, "answer": "Study material is not the only way to crack TOEFL. It is a test for English to get admissions in foreign Universities. If you regularly read newspapers or if you love reading books and have a good vocab you could easily crack TOEFL.Else you should study from: Barron's Material, Sommersat E-books and Vailor's Book to crack TOEFL.", "timestamp": "2018-10-19T13:31:01.548Z", "updated": "2018-10-21T07:09:45.860Z", "slug": "answer-to23byshrmore", "likes": [1], "needs_improvement": [], "dislikes": []}}, {"model": "FeQta.answer", "pk": 35, "fields": {"owner": 15, "question": 24, "answer": "Actually, it depends on person to person. Starting with the IELTS preparation, give an hour to each module. Practice each and every module in the given time frame. Look out for your mistakes and try not to repeat them, even if you have to listen to that recording once more or you have to read that passage again. Just try not to repeat them. Always try to do the test in the given time limit. Once 60 minutes are over, stop your Reading section and check your answers. After scoring yourself, then solve the remaining questions. Hope you get my point. Same goes with the Listening section.", "timestamp": "2018-10-19T13:49:03.671Z", "updated": "2018-10-20T13:50:07.860Z", "slug": "answer-to24byvarunpp", "likes": [3], "needs_improvement": [], "dislikes": []}}, {"model": "FeQta.answer", "pk": 36, "fields": {"owner": 16, "question": 25, "answer": "Set out time everyday to practice your listening skills. Not by listening to music or watching movies! Though that seems like a great solution, with such little time to prepare, it will not serve your purpose. Instead, listen to BBC radio and when you are done, write down a summary, or, explain what you have listened to, to someone.", "timestamp": "2018-10-19T13:49:54.524Z", "updated": "2018-10-19T13:49:54.524Z", "slug": "answer-to25byshrmore", "likes": [], "needs_improvement": [], "dislikes": []}}, {"model": "FeQta.answer", "pk": 37, "fields": {"owner": 3, "question": 26, "answer": "There is no easy way to say this, but Practice, Practice, Practice! Not just that, say you have practiced. One hour everyday. But you don\u2019t have someone qualified to check your work, so, how do you know if you have written a good essay?\r\n\r\nThe best way to do this, is to hire a private tutor so you can practice at least one essay everyday. Since you have a month, this would be a minimum of 30 essays before you give your test!", "timestamp": "2018-10-19T13:50:37.615Z", "updated": "2018-10-20T12:55:01.486Z", "slug": "answer-to26byjayeshkarvir5", "likes": [1], "needs_improvement": [], "dislikes": []}}, {"model": "FeQta.answer", "pk": 38, "fields": {"owner": 1, "question": 27, "answer": "If you are comfortable with speaking, you will breeze through this section. If you aren\u2019t, you should practice speaking with family and friends, to begin with. The best and most constructive way to increase your band score in such a short period wold be to hire a tutor who will have daily, constructive conversations with you to ensure you are ready to tackle any topic.\r\n\r\nTo summarize, the listening and reading section can be tackled well by you for sure, but do enlist help for the speaking and writing sections.\r\n\r\nThe help can be in the form of a classroom, study group or a private tutor who is qualified.\r\n\r\nYou could also opt for online tutors, who would hold class for you at your convenience. Companies like uFaber provide such services.\r\n\r\nI hope you crack your test in the time you have! Best of luck!", "timestamp": "2018-10-19T13:51:47.227Z", "updated": "2018-10-19T13:51:47.228Z", "slug": "answer-to27bysavaj", "likes": [], "needs_improvement": [], "dislikes": []}}, {"model": "FeQta.answer", "pk": 39, "fields": {"owner": 17, "question": 28, "answer": "Reading extensively (be it any news paper, magazines, journals, novels) will give that extra edge to get over the reading and comprehension section in CAT examination. Repeated Maths practice will make you a pro, and you will pass with flying colours in the CATS maths section. There are never long equations in CAT, the only thing which works is the smart way of calculations which can be mastered by practicing the tricks available in books and internet.", "timestamp": "2018-10-19T13:55:58.311Z", "updated": "2018-10-21T05:33:45.865Z", "slug": "answer-to28byamandedhia", "likes": [1], "needs_improvement": [], "dislikes": []}}, {"model": "FeQta.answer", "pk": 40, "fields": {"owner": 16, "question": 28, "answer": "The Common Admission Test (CAT) is a 3 hours computer based test held in India. The test scores a candidate on the bases of Quantitative Ability (QA),Verbal Ability (VA) and Reading Comprehension (RC),\r\nData Interpretation (DI) and Logical Reasoning (LR).\r\nThe Indian Institute of Management (IIMs) started this exam and use the test for selecting students for their business administration programs. The test is conducted every year by one of the IIMs based on a policy of rotation.", "timestamp": "2018-10-19T13:58:51.660Z", "updated": "2018-10-21T07:09:37.033Z", "slug": "answer-to28byshrmore", "likes": [], "needs_improvement": [1], "dislikes": []}}, {"model": "FeQta.answer", "pk": 41, "fields": {"owner": 1, "question": 29, "answer": "The Common Admission Test (CAT) is a 3 hours computer based test held in India. The test scores a candidate on the bases of\r\n\r\nQuantitative Ability (QA),\r\nVerbal Ability (VA) and Reading Comprehension (RC),\r\nData Interpretation (DI) and Logical Reasoning (LR).\r\nThe Indian Institute of Management (IIMs) started this exam and use the test for selecting students for their business administration programs. The test is conducted every year by one of the IIMs based on a policy of rotation.", "timestamp": "2018-10-19T14:00:19.152Z", "updated": "2018-10-19T14:04:46.606Z", "slug": "answer-to29bysavaj", "likes": [], "needs_improvement": [], "dislikes": []}}, {"model": "FeQta.answer", "pk": 42, "fields": {"owner": 15, "question": 30, "answer": "Read:\r\n\r\nTry to work on your encyclopedic knowledge, read a lot. This will help you with the verbal section and lead to your overall development. Many times, the language isn\u2019t a barrier in comprehensive exercises, it is the domain knowledge on which the article is based, hence, having a general insight on various topics can always come handy. Focus on topics like economics, sociology, and psychology. No matter how much grammar you mug up, you won\u2019t remember until they register into your subconscious mind via regular usage, when you read frequently, you learn to tell the right usage from the wrong one.", "timestamp": "2018-10-19T14:05:19.893Z", "updated": "2018-10-21T07:11:00.827Z", "slug": "answer-to30byvarunpp", "likes": [1], "needs_improvement": [], "dislikes": []}}, {"model": "FeQta.answer", "pk": 43, "fields": {"owner": 1, "question": 31, "answer": "Public Administration is clearly a very good option in which your efforts will be consistent with the syllabus even if the pattern changes. It covers topics of GS and Essay such as polity, budget, good governance etc. It will also be mighty helpful for you in your discharge of duties in case you do qualify. It is easy to study, has a relatively smaller syllabus as compared to Geography and History and it is very easy to find resources for this optional. One thing I will point out here is that recently UPSC has started to ask some unconventional questions in Pub Ad which somebody with only 2-3 months of study can find difficult. These questions require a bit of background knowledge and thorough understanding of concepts. But all in all having Pub Ad as one of the optionals keeping in mind forthcoming changes does make a lot of sense.", "timestamp": "2018-10-20T05:47:10.335Z", "updated": "2018-10-20T13:30:35.678Z", "slug": "answer-to31bysavaj", "likes": [3], "needs_improvement": [], "dislikes": []}}, {"model": "FeQta.answer", "pk": 44, "fields": {"owner": 15, "question": 32, "answer": "Online coaching is getting very popular nowadays. The apparent reason is that UPSC aspirant from diverse section (i.e. college goers, working professionals, house wife etc.) get opportunity to access best IAS online coaching located in Delhi or elsewhere. They can prepare for the exam with their comfort i.e. high flexibility in nature of scheduling their study. They can study early in the morning or late night, even during gap periods of college or office \u2013 in other words, higher degree of adjustability is available in online IAS preparation.", "timestamp": "2018-10-20T05:48:35.516Z", "updated": "2018-10-20T05:48:35.516Z", "slug": "answer-to32byvarunpp", "likes": [], "needs_improvement": [], "dislikes": []}}, {"model": "FeQta.answer", "pk": 45, "fields": {"owner": 17, "question": 33, "answer": "The Union Public Service Commission (UPSC) is the central recruiting agency in India. It is an independent constitutional body in the sense that it is directly created by the constitution of India.\r\n\r\nThe constitution contains elaborate provisions regarding the composition, appointment and removal of members, powers and functions and independence of the UPSC.", "timestamp": "2018-10-20T05:51:27.139Z", "updated": "2018-10-20T05:51:27.139Z", "slug": "answer-to33byamandedhia", "likes": [], "needs_improvement": [], "dislikes": []}}, {"model": "FeQta.answer", "pk": 49, "fields": {"owner": 1, "question": 21, "answer": "Test answer by savaj!", "timestamp": "2018-11-02T13:12:07.729Z", "updated": "2018-11-02T13:57:30.880Z", "slug": "answer-to21bysavaj", "likes": [], "needs_improvement": [], "dislikes": []}}, {"model": "FeQta.answer", "pk": 50, "fields": {"owner": 1, "question": 37, "answer": "This is not my answer !!", "timestamp": "2018-12-02T17:01:17.255Z", "updated": "2018-12-02T17:02:15.559Z", "slug": "answer-to37bysavaj", "likes": [], "needs_improvement": [], "dislikes": []}}, {"model": "FeQta.answer", "pk": 51, "fields": {"owner": 22, "question": 21, "answer": "This answer is by uu!!", "timestamp": "2018-12-02T17:03:38.157Z", "updated": "2018-12-02T17:05:10.165Z", "slug": "answer-to21byudit", "likes": [], "needs_improvement": [3], "dislikes": []}}, {"model": "admin.logentry", "pk": 1, "fields": {"action_time": "2018-07-29T09:20:56.112Z", "user": 1, "content_type": 8, "object_id": "1", "object_repr": "JEE-Joint Entrance Exam for Engineers who want to get into one of the most prestigious colleges in India.", "action_flag": 1, "change_message": "[{\"added\": {}}]"}}, {"model": "admin.logentry", "pk": 2, "fields": {"action_time": "2018-07-31T03:19:55.731Z", "user": 1, "content_type": 8, "object_id": "2", "object_repr": "NEET-Entrance exam for medical students.", "action_flag": 1, "change_message": "[{\"added\": {}}]"}}, {"model": "admin.logentry", "pk": 3, "fields": {"action_time": "2018-08-04T07:36:41.774Z", "user": 1, "content_type": 8, "object_id": "3", "object_repr": "SSC-Exam to get into Junior College.", "action_flag": 1, "change_message": "[{\"added\": {}}]"}}, {"model": "admin.logentry", "pk": 4, "fields": {"action_time": "2018-08-04T07:38:47.856Z", "user": 1, "content_type": 8, "object_id": "2", "object_repr": "NEET-Entrance exam for medical students.", "action_flag": 3, "change_message": ""}}, {"model": "admin.logentry", "pk": 5, "fields": {"action_time": "2018-08-04T07:38:54.162Z", "user": 1, "content_type": 8, "object_id": "1", "object_repr": "JEE-Joint Entrance Exam for Engineers who want to get into one of the most prestigious colleges in India.", "action_flag": 3, "change_message": ""}}, {"model": "admin.logentry", "pk": 6, "fields": {"action_time": "2018-08-04T07:39:24.948Z", "user": 1, "content_type": 8, "object_id": "4", "object_repr": "JEE-Joint Entrance Exam for Engineers who want to get into one of the most prestigious colleges in India.", "action_flag": 1, "change_message": "[{\"added\": {}}]"}}, {"model": "admin.logentry", "pk": 7, "fields": {"action_time": "2018-08-04T07:40:17.498Z", "user": 1, "content_type": 8, "object_id": "5", "object_repr": "NEET-Entrance exam for medical students.", "action_flag": 1, "change_message": "[{\"added\": {}}]"}}, {"model": "admin.logentry", "pk": 8, "fields": {"action_time": "2018-08-04T11:09:32.769Z", "user": 1, "content_type": 8, "object_id": "4", "object_repr": "JEE-Joint Entrance Exam for Engineers who want to get into one of the most prestigious colleges in India.", "action_flag": 2, "change_message": "[{\"changed\": {\"fields\": [\"topic_logo\"]}}]"}}, {"model": "admin.logentry", "pk": 9, "fields": {"action_time": "2018-08-04T13:10:31.648Z", "user": 1, "content_type": 8, "object_id": "3", "object_repr": "SSC-Exam to get into Junior College.", "action_flag": 2, "change_message": "[]"}}, {"model": "admin.logentry", "pk": 10, "fields": {"action_time": "2018-08-04T13:10:38.501Z", "user": 1, "content_type": 8, "object_id": "3", "object_repr": "SSC-Exam to get into Junior College.", "action_flag": 2, "change_message": "[]"}}, {"model": "admin.logentry", "pk": 11, "fields": {"action_time": "2018-08-04T13:10:41.716Z", "user": 1, "content_type": 8, "object_id": "4", "object_repr": "JEE-Joint Entrance Exam for Engineers who want to get into one of the most prestigious colleges in India.", "action_flag": 2, "change_message": "[]"}}, {"model": "admin.logentry", "pk": 12, "fields": {"action_time": "2018-08-04T13:10:42.989Z", "user": 1, "content_type": 8, "object_id": "4", "object_repr": "JEE-Joint Entrance Exam for Engineers who want to get into one of the most prestigious colleges in India.", "action_flag": 2, "change_message": "[]"}}, {"model": "admin.logentry", "pk": 13, "fields": {"action_time": "2018-08-04T13:10:52.676Z", "user": 1, "content_type": 8, "object_id": "3", "object_repr": "SSC-Exam to get into Junior College.", "action_flag": 2, "change_message": "[]"}}, {"model": "admin.logentry", "pk": 14, "fields": {"action_time": "2018-08-04T13:10:56.428Z", "user": 1, "content_type": 8, "object_id": "5", "object_repr": "NEET-Entrance exam for medical students.", "action_flag": 2, "change_message": "[]"}}, {"model": "admin.logentry", "pk": 15, "fields": {"action_time": "2018-08-05T07:48:56.450Z", "user": 1, "content_type": 8, "object_id": "13", "object_repr": "HSC-Exam to get into Eng College.", "action_flag": 3, "change_message": ""}}, {"model": "admin.logentry", "pk": 16, "fields": {"action_time": "2018-08-05T07:48:56.558Z", "user": 1, "content_type": 8, "object_id": "12", "object_repr": "HSC-Exam to get into Eng College.", "action_flag": 3, "change_message": ""}}, {"model": "admin.logentry", "pk": 17, "fields": {"action_time": "2018-08-05T07:48:56.641Z", "user": 1, "content_type": 8, "object_id": "11", "object_repr": "HSC-Exam to get into Eng College.", "action_flag": 3, "change_message": ""}}, {"model": "admin.logentry", "pk": 18, "fields": {"action_time": "2018-08-05T07:48:56.726Z", "user": 1, "content_type": 8, "object_id": "10", "object_repr": "HSC-Exam to get into Eng College.", "action_flag": 3, "change_message": ""}}, {"model": "admin.logentry", "pk": 19, "fields": {"action_time": "2018-08-05T07:48:56.809Z", "user": 1, "content_type": 8, "object_id": "9", "object_repr": "HSC-Exam to get into Eng College.", "action_flag": 3, "change_message": ""}}, {"model": "admin.logentry", "pk": 20, "fields": {"action_time": "2018-08-05T07:48:56.902Z", "user": 1, "content_type": 8, "object_id": "8", "object_repr": "HSC-Exam to get into Eng College.", "action_flag": 3, "change_message": ""}}, {"model": "admin.logentry", "pk": 21, "fields": {"action_time": "2018-08-05T07:48:56.985Z", "user": 1, "content_type": 8, "object_id": "7", "object_repr": "HSC-Exam to get into Eng College.", "action_flag": 3, "change_message": ""}}, {"model": "admin.logentry", "pk": 22, "fields": {"action_time": "2018-08-05T07:49:06.834Z", "user": 1, "content_type": 8, "object_id": "6", "object_repr": "HSC-Exam to get into Eng College.", "action_flag": 3, "change_message": ""}}, {"model": "admin.logentry", "pk": 23, "fields": {"action_time": "2018-08-05T08:55:24.726Z", "user": 1, "content_type": 8, "object_id": "16", "object_repr": "naf;oewa-vfrageasgbvt", "action_flag": 3, "change_message": ""}}, {"model": "admin.logentry", "pk": 24, "fields": {"action_time": "2018-08-05T13:22:37.728Z", "user": 1, "content_type": 8, "object_id": "24", "object_repr": "GRE-Some Exam", "action_flag": 3, "change_message": ""}}, {"model": "admin.logentry", "pk": 25, "fields": {"action_time": "2018-08-05T13:22:37.794Z", "user": 1, "content_type": 8, "object_id": "23", "object_repr": "GRE-Some Exam", "action_flag": 3, "change_message": ""}}, {"model": "admin.logentry", "pk": 26, "fields": {"action_time": "2018-08-05T13:22:37.879Z", "user": 1, "content_type": 8, "object_id": "22", "object_repr": "GRE-Some Exam", "action_flag": 3, "change_message": ""}}, {"model": "admin.logentry", "pk": 27, "fields": {"action_time": "2018-08-05T13:22:37.969Z", "user": 1, "content_type": 8, "object_id": "21", "object_repr": "GRE-Some Exam", "action_flag": 3, "change_message": ""}}, {"model": "admin.logentry", "pk": 28, "fields": {"action_time": "2018-08-05T13:22:38.120Z", "user": 1, "content_type": 8, "object_id": "20", "object_repr": "GRE-Some Exam", "action_flag": 3, "change_message": ""}}, {"model": "admin.logentry", "pk": 29, "fields": {"action_time": "2018-08-05T13:22:38.201Z", "user": 1, "content_type": 8, "object_id": "19", "object_repr": "GRE-Some Exam", "action_flag": 3, "change_message": ""}}, {"model": "admin.logentry", "pk": 30, "fields": {"action_time": "2018-08-05T13:22:38.311Z", "user": 1, "content_type": 8, "object_id": "18", "object_repr": "GRE-Some Exam", "action_flag": 3, "change_message": ""}}, {"model": "admin.logentry", "pk": 31, "fields": {"action_time": "2018-08-05T13:22:38.454Z", "user": 1, "content_type": 8, "object_id": "17", "object_repr": "GRE-Some Exam", "action_flag": 3, "change_message": ""}}, {"model": "admin.logentry", "pk": 32, "fields": {"action_time": "2018-08-05T13:27:18.513Z", "user": 1, "content_type": 8, "object_id": "29", "object_repr": "GRE-Some Exam", "action_flag": 3, "change_message": ""}}, {"model": "admin.logentry", "pk": 33, "fields": {"action_time": "2018-08-05T13:27:18.583Z", "user": 1, "content_type": 8, "object_id": "28", "object_repr": "GRE-Some Exam", "action_flag": 3, "change_message": ""}}, {"model": "admin.logentry", "pk": 34, "fields": {"action_time": "2018-08-05T13:27:18.707Z", "user": 1, "content_type": 8, "object_id": "27", "object_repr": "GRE-Some Exam", "action_flag": 3, "change_message": ""}}, {"model": "admin.logentry", "pk": 35, "fields": {"action_time": "2018-08-05T13:27:18.833Z", "user": 1, "content_type": 8, "object_id": "26", "object_repr": "GRE-Some Exam", "action_flag": 3, "change_message": ""}}, {"model": "admin.logentry", "pk": 36, "fields": {"action_time": "2018-08-05T13:27:18.898Z", "user": 1, "content_type": 8, "object_id": "25", "object_repr": "GRE-Some Exam", "action_flag": 3, "change_message": ""}}, {"model": "admin.logentry", "pk": 37, "fields": {"action_time": "2018-08-12T07:28:03.968Z", "user": 1, "content_type": 7, "object_id": "1", "object_repr": "Question object (1)", "action_flag": 1, "change_message": "[{\"added\": {}}]"}}, {"model": "admin.logentry", "pk": 38, "fields": {"action_time": "2018-08-12T07:45:16.607Z", "user": 1, "content_type": 7, "object_id": "1", "object_repr": "Question object (1)", "action_flag": 2, "change_message": "[]"}}, {"model": "admin.logentry", "pk": 39, "fields": {"action_time": "2018-08-12T07:45:44.591Z", "user": 1, "content_type": 7, "object_id": "2", "object_repr": "Question object (2)", "action_flag": 1, "change_message": "[{\"added\": {}}]"}}, {"model": "admin.logentry", "pk": 40, "fields": {"action_time": "2018-08-12T15:17:46.721Z", "user": 1, "content_type": 4, "object_id": "2", "object_repr": "jayesh", "action_flag": 1, "change_message": "[{\"added\": {}}]"}}, {"model": "admin.logentry", "pk": 41, "fields": {"action_time": "2018-08-12T15:20:28.465Z", "user": 1, "content_type": 4, "object_id": "2", "object_repr": "jayesh", "action_flag": 3, "change_message": ""}}, {"model": "admin.logentry", "pk": 42, "fields": {"action_time": "2018-08-12T15:21:14.658Z", "user": 1, "content_type": 4, "object_id": "3", "object_repr": "jayeshkarvir5", "action_flag": 1, "change_message": "[{\"added\": {}}]"}}, {"model": "admin.logentry", "pk": 43, "fields": {"action_time": "2018-08-12T15:22:27.323Z", "user": 1, "content_type": 4, "object_id": "3", "object_repr": "jayeshkarvir5", "action_flag": 2, "change_message": "[{\"changed\": {\"fields\": [\"first_name\", \"last_name\", \"email\", \"is_staff\", \"is_superuser\", \"last_login\"]}}]"}}, {"model": "admin.logentry", "pk": 44, "fields": {"action_time": "2018-08-18T12:50:22.831Z", "user": 1, "content_type": 8, "object_id": "31", "object_repr": "Reverse working-exp", "action_flag": 2, "change_message": "[]"}}, {"model": "admin.logentry", "pk": 45, "fields": {"action_time": "2018-08-18T12:50:36.774Z", "user": 1, "content_type": 8, "object_id": "32", "object_repr": "Reverse working-exp", "action_flag": 3, "change_message": ""}}, {"model": "admin.logentry", "pk": 46, "fields": {"action_time": "2018-08-22T13:54:26.871Z", "user": 1, "content_type": 7, "object_id": "5", "object_repr": "Which is the best private institute to prepare for GRE?", "action_flag": 2, "change_message": "[]"}}, {"model": "admin.logentry", "pk": 47, "fields": {"action_time": "2018-08-22T13:54:31.848Z", "user": 1, "content_type": 7, "object_id": "5", "object_repr": "Which is the best private institute to prepare for GRE?", "action_flag": 2, "change_message": "[]"}}, {"model": "admin.logentry", "pk": 48, "fields": {"action_time": "2018-08-22T13:54:41.476Z", "user": 1, "content_type": 7, "object_id": "5", "object_repr": "Which is the best private institute to prepare for GRE?", "action_flag": 2, "change_message": "[]"}}, {"model": "admin.logentry", "pk": 49, "fields": {"action_time": "2018-08-22T13:55:07.999Z", "user": 1, "content_type": 7, "object_id": "5", "object_repr": "Which is the best private institute to prepare for GRE?", "action_flag": 2, "change_message": "[{\"changed\": {\"fields\": [\"desc\"]}}]"}}, {"model": "admin.logentry", "pk": 50, "fields": {"action_time": "2018-08-22T13:55:18.256Z", "user": 1, "content_type": 7, "object_id": "4", "object_repr": "This is a question?", "action_flag": 2, "change_message": "[]"}}, {"model": "admin.logentry", "pk": 51, "fields": {"action_time": "2018-08-22T13:59:56.161Z", "user": 1, "content_type": 7, "object_id": "5", "object_repr": "Which is the best private institute to prepare for GRE?", "action_flag": 2, "change_message": "[]"}}, {"model": "admin.logentry", "pk": 52, "fields": {"action_time": "2018-08-22T14:00:10.881Z", "user": 1, "content_type": 7, "object_id": "4", "object_repr": "This is a question?", "action_flag": 2, "change_message": "[]"}}, {"model": "admin.logentry", "pk": 53, "fields": {"action_time": "2018-08-22T14:00:21.217Z", "user": 1, "content_type": 7, "object_id": "3", "object_repr": "What is GRE?", "action_flag": 2, "change_message": "[]"}}, {"model": "admin.logentry", "pk": 54, "fields": {"action_time": "2018-08-22T14:01:14.776Z", "user": 1, "content_type": 7, "object_id": "2", "object_repr": "How difficult is JEE Advanced?", "action_flag": 2, "change_message": "[]"}}, {"model": "admin.logentry", "pk": 55, "fields": {"action_time": "2018-08-22T14:01:21.274Z", "user": 1, "content_type": 7, "object_id": "1", "object_repr": "How do I score 360/360 in JEE Mains 2019 ?", "action_flag": 2, "change_message": "[]"}}, {"model": "admin.logentry", "pk": 56, "fields": {"action_time": "2018-08-22T14:37:12.180Z", "user": 1, "content_type": 7, "object_id": "5", "object_repr": "Which is the best private institute to prepare for GRE?", "action_flag": 2, "change_message": "[{\"changed\": {\"fields\": [\"owner\"]}}]"}}, {"model": "admin.logentry", "pk": 57, "fields": {"action_time": "2018-08-22T14:37:18.658Z", "user": 1, "content_type": 7, "object_id": "4", "object_repr": "This is a question?", "action_flag": 2, "change_message": "[{\"changed\": {\"fields\": [\"owner\"]}}]"}}, {"model": "admin.logentry", "pk": 58, "fields": {"action_time": "2018-08-22T14:37:23.828Z", "user": 1, "content_type": 7, "object_id": "3", "object_repr": "What is GRE?", "action_flag": 2, "change_message": "[{\"changed\": {\"fields\": [\"owner\"]}}]"}}, {"model": "admin.logentry", "pk": 59, "fields": {"action_time": "2018-08-22T15:39:14.562Z", "user": 1, "content_type": 8, "object_id": "34", "object_repr": "TOEFL-Exam to get into Foreign Universities.", "action_flag": 3, "change_message": ""}}, {"model": "admin.logentry", "pk": 60, "fields": {"action_time": "2018-08-22T16:59:59.456Z", "user": 1, "content_type": 7, "object_id": "8", "object_repr": "Question to check reverse_lazy?", "action_flag": 3, "change_message": ""}}, {"model": "admin.logentry", "pk": 61, "fields": {"action_time": "2018-08-22T16:59:59.541Z", "user": 1, "content_type": 7, "object_id": "7", "object_repr": "Question to check reverse_lazy?", "action_flag": 3, "change_message": ""}}, {"model": "admin.logentry", "pk": 62, "fields": {"action_time": "2018-08-22T17:00:06.027Z", "user": 1, "content_type": 7, "object_id": "6", "object_repr": "Question to check reverse_lazy?", "action_flag": 2, "change_message": "[]"}}, {"model": "admin.logentry", "pk": 63, "fields": {"action_time": "2018-08-22T17:00:38.279Z", "user": 1, "content_type": 7, "object_id": "6", "object_repr": "Question to check reverse_lazy?", "action_flag": 2, "change_message": "[{\"changed\": {\"fields\": [\"slug\"]}}]"}}, {"model": "admin.logentry", "pk": 64, "fields": {"action_time": "2018-08-22T17:15:09.468Z", "user": 1, "content_type": 9, "object_id": "1", "object_repr": "Answer object (1)", "action_flag": 1, "change_message": "[{\"added\": {}}]"}}, {"model": "admin.logentry", "pk": 65, "fields": {"action_time": "2018-08-22T17:28:48.465Z", "user": 1, "content_type": 9, "object_id": "1", "object_repr": "Answer object (1)", "action_flag": 2, "change_message": "[{\"changed\": {\"fields\": [\"likes\", \"needs_improvement\", \"dislikes\"]}}]"}}, {"model": "admin.logentry", "pk": 66, "fields": {"action_time": "2018-08-22T17:38:10.053Z", "user": 1, "content_type": 7, "object_id": "1", "object_repr": "How do I score 360/360 in JEE Mains 2019 ?", "action_flag": 2, "change_message": "[{\"changed\": {\"fields\": [\"owner\"]}}]"}}, {"model": "admin.logentry", "pk": 67, "fields": {"action_time": "2018-08-25T12:13:11.542Z", "user": 1, "content_type": 9, "object_id": "5", "object_repr": "Answer object (5)", "action_flag": 3, "change_message": ""}}, {"model": "admin.logentry", "pk": 68, "fields": {"action_time": "2018-08-25T12:13:11.615Z", "user": 1, "content_type": 9, "object_id": "4", "object_repr": "Answer object (4)", "action_flag": 3, "change_message": ""}}, {"model": "admin.logentry", "pk": 69, "fields": {"action_time": "2018-08-25T12:13:52.764Z", "user": 1, "content_type": 9, "object_id": "3", "object_repr": "Answer object (3)", "action_flag": 3, "change_message": ""}}, {"model": "admin.logentry", "pk": 70, "fields": {"action_time": "2018-08-25T12:56:22.370Z", "user": 1, "content_type": 9, "object_id": "6", "object_repr": "Answer object (6)", "action_flag": 2, "change_message": "[{\"changed\": {\"fields\": [\"likes\", \"needs_improvement\", \"dislikes\"]}}]"}}, {"model": "admin.logentry", "pk": 71, "fields": {"action_time": "2018-08-25T12:56:31.332Z", "user": 1, "content_type": 9, "object_id": "2", "object_repr": "Answer object (2)", "action_flag": 2, "change_message": "[{\"changed\": {\"fields\": [\"likes\", \"needs_improvement\", \"dislikes\"]}}]"}}, {"model": "admin.logentry", "pk": 72, "fields": {"action_time": "2018-09-13T07:27:11.303Z", "user": 1, "content_type": 4, "object_id": "4", "object_repr": "test-user", "action_flag": 1, "change_message": "[{\"added\": {}}]"}}, {"model": "admin.logentry", "pk": 73, "fields": {"action_time": "2018-09-13T07:29:13.765Z", "user": 1, "content_type": 10, "object_id": "1", "object_repr": "test-user", "action_flag": 2, "change_message": "[{\"changed\": {\"fields\": [\"followers\", \"following\"]}}]"}}, {"model": "admin.logentry", "pk": 74, "fields": {"action_time": "2018-09-13T07:29:21.310Z", "user": 1, "content_type": 10, "object_id": "1", "object_repr": "test-user", "action_flag": 2, "change_message": "[{\"changed\": {\"fields\": [\"activated\"]}}]"}}, {"model": "admin.logentry", "pk": 75, "fields": {"action_time": "2018-09-13T07:29:42.070Z", "user": 1, "content_type": 10, "object_id": "1", "object_repr": "test-user", "action_flag": 2, "change_message": "[]"}}, {"model": "admin.logentry", "pk": 76, "fields": {"action_time": "2018-09-13T07:37:23.786Z", "user": 1, "content_type": 10, "object_id": "2", "object_repr": "savaj", "action_flag": 1, "change_message": "[{\"added\": {}}]"}}, {"model": "admin.logentry", "pk": 77, "fields": {"action_time": "2018-09-15T11:20:07.876Z", "user": 1, "content_type": 4, "object_id": "5", "object_repr": "user-1", "action_flag": 1, "change_message": "[{\"added\": {}}]"}}, {"model": "admin.logentry", "pk": 78, "fields": {"action_time": "2018-09-15T11:20:51.083Z", "user": 1, "content_type": 10, "object_id": "3", "object_repr": "user-1", "action_flag": 2, "change_message": "[{\"changed\": {\"fields\": [\"followers\"]}}]"}}, {"model": "admin.logentry", "pk": 79, "fields": {"action_time": "2018-09-15T11:21:16.110Z", "user": 1, "content_type": 10, "object_id": "2", "object_repr": "savaj", "action_flag": 2, "change_message": "[{\"changed\": {\"fields\": [\"followers\"]}}]"}}, {"model": "admin.logentry", "pk": 80, "fields": {"action_time": "2018-09-15T13:27:36.982Z", "user": 1, "content_type": 7, "object_id": "6", "object_repr": "Question to check reverse_lazy?", "action_flag": 2, "change_message": "[]"}}, {"model": "admin.logentry", "pk": 81, "fields": {"action_time": "2018-09-15T13:27:42.907Z", "user": 1, "content_type": 7, "object_id": "5", "object_repr": "Which is the best private institute to prepare for GRE?", "action_flag": 2, "change_message": "[]"}}, {"model": "admin.logentry", "pk": 82, "fields": {"action_time": "2018-09-15T13:27:46.253Z", "user": 1, "content_type": 7, "object_id": "4", "object_repr": "This is a question?", "action_flag": 2, "change_message": "[]"}}, {"model": "admin.logentry", "pk": 83, "fields": {"action_time": "2018-09-15T13:27:49.280Z", "user": 1, "content_type": 7, "object_id": "3", "object_repr": "What is GRE?", "action_flag": 2, "change_message": "[]"}}, {"model": "admin.logentry", "pk": 84, "fields": {"action_time": "2018-09-15T13:27:52.628Z", "user": 1, "content_type": 7, "object_id": "3", "object_repr": "What is GRE?", "action_flag": 2, "change_message": "[]"}}, {"model": "admin.logentry", "pk": 85, "fields": {"action_time": "2018-09-15T13:27:55.345Z", "user": 1, "content_type": 7, "object_id": "2", "object_repr": "How difficult is JEE Advanced?", "action_flag": 2, "change_message": "[]"}}, {"model": "admin.logentry", "pk": 86, "fields": {"action_time": "2018-09-15T13:27:58.157Z", "user": 1, "content_type": 7, "object_id": "1", "object_repr": "How do I score 360/360 in JEE Mains 2019 ?", "action_flag": 2, "change_message": "[]"}}, {"model": "admin.logentry", "pk": 87, "fields": {"action_time": "2018-09-15T13:29:28.011Z", "user": 1, "content_type": 10, "object_id": "1", "object_repr": "jayeshkarvir5", "action_flag": 2, "change_message": "[{\"changed\": {\"fields\": [\"user\", \"followers\"]}}]"}}, {"model": "admin.logentry", "pk": 88, "fields": {"action_time": "2018-09-15T13:32:53.174Z", "user": 1, "content_type": 9, "object_id": "13", "object_repr": "Answer object (13)", "action_flag": 3, "change_message": ""}}, {"model": "admin.logentry", "pk": 89, "fields": {"action_time": "2018-09-15T13:32:56.798Z", "user": 1, "content_type": 9, "object_id": "12", "object_repr": "Answer object (12)", "action_flag": 3, "change_message": ""}}, {"model": "admin.logentry", "pk": 90, "fields": {"action_time": "2018-09-15T13:33:00.666Z", "user": 1, "content_type": 9, "object_id": "11", "object_repr": "Answer object (11)", "action_flag": 3, "change_message": ""}}, {"model": "admin.logentry", "pk": 91, "fields": {"action_time": "2018-09-15T14:46:12.170Z", "user": 1, "content_type": 8, "object_id": "33", "object_repr": "TOEFL-Exam to get into Foreign Universities.", "action_flag": 2, "change_message": "[{\"changed\": {\"fields\": [\"followers\"]}}]"}}, {"model": "admin.logentry", "pk": 92, "fields": {"action_time": "2018-09-15T15:26:32.512Z", "user": 1, "content_type": 8, "object_id": "33", "object_repr": "TOEFL-Exam to get into Foreign Universities.", "action_flag": 2, "change_message": "[]"}}, {"model": "admin.logentry", "pk": 93, "fields": {"action_time": "2018-09-15T15:26:58.181Z", "user": 1, "content_type": 8, "object_id": "33", "object_repr": "TOEFL-Exam to get into Foreign Universities.", "action_flag": 2, "change_message": "[{\"changed\": {\"fields\": [\"followers\"]}}]"}}, {"model": "admin.logentry", "pk": 94, "fields": {"action_time": "2018-09-15T15:28:18.717Z", "user": 1, "content_type": 8, "object_id": "33", "object_repr": "TOEFL-Exam to get into Foreign Universities.", "action_flag": 2, "change_message": "[{\"changed\": {\"fields\": [\"followers\"]}}]"}}, {"model": "admin.logentry", "pk": 95, "fields": {"action_time": "2018-09-15T15:34:46.288Z", "user": 1, "content_type": 8, "object_id": "33", "object_repr": "TOEFL-Exam to get into Foreign Universities.", "action_flag": 2, "change_message": "[{\"changed\": {\"fields\": [\"followers\"]}}]"}}, {"model": "admin.logentry", "pk": 96, "fields": {"action_time": "2018-09-16T10:34:08.224Z", "user": 1, "content_type": 4, "object_id": "6", "object_repr": "user-2", "action_flag": 1, "change_message": "[{\"added\": {}}]"}}, {"model": "admin.logentry", "pk": 97, "fields": {"action_time": "2018-09-16T10:37:01.593Z", "user": 1, "content_type": 4, "object_id": "7", "object_repr": "user-3", "action_flag": 1, "change_message": "[{\"added\": {}}]"}}, {"model": "admin.logentry", "pk": 98, "fields": {"action_time": "2018-09-16T10:38:15.502Z", "user": 1, "content_type": 4, "object_id": "8", "object_repr": "FeQtA", "action_flag": 1, "change_message": "[{\"added\": {}}]"}}, {"model": "admin.logentry", "pk": 99, "fields": {"action_time": "2018-09-16T10:38:36.871Z", "user": 1, "content_type": 4, "object_id": "8", "object_repr": "FeQtA", "action_flag": 2, "change_message": "[{\"changed\": {\"fields\": [\"is_staff\", \"is_superuser\"]}}]"}}, {"model": "admin.logentry", "pk": 100, "fields": {"action_time": "2018-09-16T10:39:30.982Z", "user": 1, "content_type": 4, "object_id": "8", "object_repr": "FeQtA", "action_flag": 2, "change_message": "[{\"changed\": {\"fields\": [\"first_name\", \"last_name\", \"email\", \"last_login\"]}}]"}}, {"model": "admin.logentry", "pk": 101, "fields": {"action_time": "2018-09-16T10:40:08.455Z", "user": 1, "content_type": 4, "object_id": "9", "object_repr": "user-5", "action_flag": 1, "change_message": "[{\"added\": {}}]"}}, {"model": "admin.logentry", "pk": 102, "fields": {"action_time": "2018-09-16T10:40:32.499Z", "user": 1, "content_type": 10, "object_id": "5", "object_repr": "user-3", "action_flag": 2, "change_message": "[]"}}, {"model": "admin.logentry", "pk": 103, "fields": {"action_time": "2018-09-16T10:40:48.299Z", "user": 1, "content_type": 10, "object_id": "5", "object_repr": "user-3", "action_flag": 2, "change_message": "[{\"changed\": {\"fields\": [\"followers\"]}}]"}}, {"model": "admin.logentry", "pk": 104, "fields": {"action_time": "2018-09-16T10:40:57.987Z", "user": 1, "content_type": 10, "object_id": "3", "object_repr": "user-1", "action_flag": 2, "change_message": "[{\"changed\": {\"fields\": [\"followers\"]}}]"}}, {"model": "admin.logentry", "pk": 105, "fields": {"action_time": "2018-09-16T10:41:05.470Z", "user": 1, "content_type": 10, "object_id": "4", "object_repr": "user-2", "action_flag": 2, "change_message": "[{\"changed\": {\"fields\": [\"followers\"]}}]"}}, {"model": "admin.logentry", "pk": 106, "fields": {"action_time": "2018-09-16T10:41:28.556Z", "user": 1, "content_type": 10, "object_id": "1", "object_repr": "jayeshkarvir5", "action_flag": 2, "change_message": "[{\"changed\": {\"fields\": [\"followers\"]}}]"}}, {"model": "admin.logentry", "pk": 107, "fields": {"action_time": "2018-09-16T10:41:49.459Z", "user": 1, "content_type": 10, "object_id": "8", "object_repr": "test-user", "action_flag": 1, "change_message": "[{\"added\": {}}]"}}, {"model": "admin.logentry", "pk": 108, "fields": {"action_time": "2018-09-16T10:42:00.122Z", "user": 1, "content_type": 10, "object_id": "6", "object_repr": "FeQtA", "action_flag": 2, "change_message": "[{\"changed\": {\"fields\": [\"followers\"]}}]"}}, {"model": "admin.logentry", "pk": 109, "fields": {"action_time": "2018-09-16T11:50:15.851Z", "user": 1, "content_type": 9, "object_id": "9", "object_repr": "Answer object (9)", "action_flag": 2, "change_message": "[]"}}, {"model": "admin.logentry", "pk": 110, "fields": {"action_time": "2018-09-16T11:50:21.675Z", "user": 1, "content_type": 9, "object_id": "9", "object_repr": "Answer object (9)", "action_flag": 2, "change_message": "[]"}}, {"model": "admin.logentry", "pk": 111, "fields": {"action_time": "2018-09-16T11:54:26.745Z", "user": 1, "content_type": 9, "object_id": "9", "object_repr": "Answer object (9)", "action_flag": 2, "change_message": "[]"}}, {"model": "admin.logentry", "pk": 112, "fields": {"action_time": "2018-09-16T11:55:08.145Z", "user": 1, "content_type": 9, "object_id": "9", "object_repr": "Answer object (9)", "action_flag": 2, "change_message": "[{\"changed\": {\"fields\": [\"slug\"]}}]"}}, {"model": "admin.logentry", "pk": 113, "fields": {"action_time": "2018-09-16T11:55:47.685Z", "user": 1, "content_type": 9, "object_id": "9", "object_repr": "Answer object (9)", "action_flag": 2, "change_message": "[{\"changed\": {\"fields\": [\"slug\"]}}]"}}, {"model": "admin.logentry", "pk": 114, "fields": {"action_time": "2018-09-16T11:55:59.152Z", "user": 1, "content_type": 9, "object_id": "10", "object_repr": "Answer object (10)", "action_flag": 2, "change_message": "[]"}}, {"model": "admin.logentry", "pk": 115, "fields": {"action_time": "2018-09-16T11:56:13.480Z", "user": 1, "content_type": 9, "object_id": "8", "object_repr": "Answer object (8)", "action_flag": 2, "change_message": "[]"}}, {"model": "admin.logentry", "pk": 116, "fields": {"action_time": "2018-09-16T11:56:26.265Z", "user": 1, "content_type": 9, "object_id": "2", "object_repr": "Answer object (2)", "action_flag": 2, "change_message": "[]"}}, {"model": "admin.logentry", "pk": 117, "fields": {"action_time": "2018-09-16T11:56:40.113Z", "user": 1, "content_type": 9, "object_id": "6", "object_repr": "Answer object (6)", "action_flag": 2, "change_message": "[]"}}, {"model": "admin.logentry", "pk": 118, "fields": {"action_time": "2018-09-16T11:56:46.675Z", "user": 1, "content_type": 9, "object_id": "7", "object_repr": "Answer object (7)", "action_flag": 2, "change_message": "[]"}}, {"model": "admin.logentry", "pk": 119, "fields": {"action_time": "2018-09-16T11:56:52.904Z", "user": 1, "content_type": 9, "object_id": "1", "object_repr": "Answer object (1)", "action_flag": 2, "change_message": "[]"}}, {"model": "admin.logentry", "pk": 120, "fields": {"action_time": "2018-09-16T11:58:14.103Z", "user": 1, "content_type": 7, "object_id": "7", "object_repr": "Test question?", "action_flag": 1, "change_message": "[{\"added\": {}}]"}}, {"model": "admin.logentry", "pk": 121, "fields": {"action_time": "2018-09-16T11:58:54.095Z", "user": 1, "content_type": 7, "object_id": "8", "object_repr": "Test Question 2?", "action_flag": 1, "change_message": "[{\"added\": {}}]"}}, {"model": "admin.logentry", "pk": 122, "fields": {"action_time": "2018-09-16T12:02:04.971Z", "user": 1, "content_type": 7, "object_id": "7", "object_repr": "Test question?", "action_flag": 2, "change_message": "[]"}}, {"model": "admin.logentry", "pk": 123, "fields": {"action_time": "2018-09-16T12:02:30.428Z", "user": 1, "content_type": 7, "object_id": "9", "object_repr": "Test Question 3?", "action_flag": 1, "change_message": "[{\"added\": {}}]"}}, {"model": "admin.logentry", "pk": 124, "fields": {"action_time": "2018-09-16T12:04:49.086Z", "user": 1, "content_type": 9, "object_id": "11", "object_repr": "Answer object (11)", "action_flag": 1, "change_message": "[{\"added\": {}}]"}}, {"model": "admin.logentry", "pk": 125, "fields": {"action_time": "2018-09-16T12:07:46.033Z", "user": 1, "content_type": 9, "object_id": "12", "object_repr": "Answer object (12)", "action_flag": 1, "change_message": "[{\"added\": {}}]"}}, {"model": "admin.logentry", "pk": 126, "fields": {"action_time": "2018-09-16T12:08:04.348Z", "user": 1, "content_type": 9, "object_id": "12", "object_repr": "Answer object (12)", "action_flag": 2, "change_message": "[]"}}, {"model": "admin.logentry", "pk": 127, "fields": {"action_time": "2018-09-16T12:08:11.169Z", "user": 1, "content_type": 9, "object_id": "9", "object_repr": "Answer object (9)", "action_flag": 2, "change_message": "[{\"changed\": {\"fields\": [\"slug\"]}}]"}}, {"model": "admin.logentry", "pk": 128, "fields": {"action_time": "2018-09-16T12:08:24.342Z", "user": 1, "content_type": 9, "object_id": "10", "object_repr": "Answer object (10)", "action_flag": 2, "change_message": "[{\"changed\": {\"fields\": [\"slug\"]}}]"}}, {"model": "admin.logentry", "pk": 129, "fields": {"action_time": "2018-09-16T12:08:32.797Z", "user": 1, "content_type": 9, "object_id": "8", "object_repr": "Answer object (8)", "action_flag": 2, "change_message": "[{\"changed\": {\"fields\": [\"slug\"]}}]"}}, {"model": "admin.logentry", "pk": 130, "fields": {"action_time": "2018-09-16T12:08:41.145Z", "user": 1, "content_type": 9, "object_id": "2", "object_repr": "Answer object (2)", "action_flag": 2, "change_message": "[{\"changed\": {\"fields\": [\"slug\"]}}]"}}, {"model": "admin.logentry", "pk": 131, "fields": {"action_time": "2018-09-16T12:08:50.297Z", "user": 1, "content_type": 9, "object_id": "6", "object_repr": "Answer object (6)", "action_flag": 2, "change_message": "[{\"changed\": {\"fields\": [\"slug\"]}}]"}}, {"model": "admin.logentry", "pk": 132, "fields": {"action_time": "2018-09-16T12:08:54.276Z", "user": 1, "content_type": 9, "object_id": "7", "object_repr": "Answer object (7)", "action_flag": 2, "change_message": "[{\"changed\": {\"fields\": [\"slug\"]}}]"}}, {"model": "admin.logentry", "pk": 133, "fields": {"action_time": "2018-09-16T12:08:58.035Z", "user": 1, "content_type": 9, "object_id": "1", "object_repr": "Answer object (1)", "action_flag": 2, "change_message": "[{\"changed\": {\"fields\": [\"slug\"]}}]"}}, {"model": "admin.logentry", "pk": 134, "fields": {"action_time": "2018-09-16T12:09:08.238Z", "user": 1, "content_type": 9, "object_id": "11", "object_repr": "Answer object (11)", "action_flag": 2, "change_message": "[{\"changed\": {\"fields\": [\"slug\"]}}]"}}, {"model": "admin.logentry", "pk": 135, "fields": {"action_time": "2018-09-16T12:13:55.612Z", "user": 1, "content_type": 7, "object_id": "9", "object_repr": "Test Question 3?", "action_flag": 2, "change_message": "[{\"changed\": {\"fields\": [\"slug\"]}}]"}}, {"model": "admin.logentry", "pk": 136, "fields": {"action_time": "2018-09-16T12:14:09.845Z", "user": 1, "content_type": 7, "object_id": "8", "object_repr": "Test Question 2?", "action_flag": 2, "change_message": "[{\"changed\": {\"fields\": [\"slug\"]}}]"}}, {"model": "admin.logentry", "pk": 137, "fields": {"action_time": "2018-09-16T12:14:17.705Z", "user": 1, "content_type": 7, "object_id": "7", "object_repr": "Test question?", "action_flag": 2, "change_message": "[{\"changed\": {\"fields\": [\"slug\"]}}]"}}, {"model": "admin.logentry", "pk": 138, "fields": {"action_time": "2018-09-16T12:14:25.661Z", "user": 1, "content_type": 7, "object_id": "6", "object_repr": "Question to check reverse_lazy?", "action_flag": 2, "change_message": "[{\"changed\": {\"fields\": [\"slug\"]}}]"}}, {"model": "admin.logentry", "pk": 139, "fields": {"action_time": "2018-09-16T12:14:33.736Z", "user": 1, "content_type": 7, "object_id": "5", "object_repr": "Which is the best private institute to prepare for GRE?", "action_flag": 2, "change_message": "[{\"changed\": {\"fields\": [\"slug\"]}}]"}}, {"model": "admin.logentry", "pk": 140, "fields": {"action_time": "2018-09-16T12:14:47.705Z", "user": 1, "content_type": 7, "object_id": "4", "object_repr": "This is a question?", "action_flag": 2, "change_message": "[{\"changed\": {\"fields\": [\"slug\"]}}]"}}, {"model": "admin.logentry", "pk": 141, "fields": {"action_time": "2018-09-16T12:14:55.324Z", "user": 1, "content_type": 7, "object_id": "3", "object_repr": "What is GRE?", "action_flag": 2, "change_message": "[{\"changed\": {\"fields\": [\"slug\"]}}]"}}, {"model": "admin.logentry", "pk": 142, "fields": {"action_time": "2018-09-16T12:15:01.257Z", "user": 1, "content_type": 7, "object_id": "2", "object_repr": "How difficult is JEE Advanced?", "action_flag": 2, "change_message": "[{\"changed\": {\"fields\": [\"slug\"]}}]"}}, {"model": "admin.logentry", "pk": 143, "fields": {"action_time": "2018-09-16T12:15:08.022Z", "user": 1, "content_type": 7, "object_id": "1", "object_repr": "How do I score 360/360 in JEE Mains 2019 ?", "action_flag": 2, "change_message": "[{\"changed\": {\"fields\": [\"slug\"]}}]"}}, {"model": "admin.logentry", "pk": 144, "fields": {"action_time": "2018-09-16T12:16:39.261Z", "user": 1, "content_type": 9, "object_id": "11", "object_repr": "Test Question 3? answered by jayeshkarvir5", "action_flag": 2, "change_message": "[]"}}, {"model": "admin.logentry", "pk": 145, "fields": {"action_time": "2018-09-23T10:19:25.336Z", "user": 1, "content_type": 4, "object_id": "11", "object_repr": "user567", "action_flag": 1, "change_message": "[{\"added\": {}}]"}}, {"model": "admin.logentry", "pk": 146, "fields": {"action_time": "2018-09-23T10:25:36.460Z", "user": 1, "content_type": 4, "object_id": "10", "object_repr": "abc123", "action_flag": 3, "change_message": ""}}, {"model": "admin.logentry", "pk": 147, "fields": {"action_time": "2018-09-23T10:25:46.529Z", "user": 1, "content_type": 4, "object_id": "11", "object_repr": "user567", "action_flag": 3, "change_message": ""}}, {"model": "admin.logentry", "pk": 148, "fields": {"action_time": "2018-10-19T12:53:23.859Z", "user": 1, "content_type": 7, "object_id": "9", "object_repr": "Test Question 3?", "action_flag": 3, "change_message": ""}}, {"model": "admin.logentry", "pk": 149, "fields": {"action_time": "2018-10-19T12:53:25.896Z", "user": 1, "content_type": 7, "object_id": "8", "object_repr": "Test Question 2?", "action_flag": 3, "change_message": ""}}, {"model": "admin.logentry", "pk": 150, "fields": {"action_time": "2018-10-19T12:53:26.578Z", "user": 1, "content_type": 7, "object_id": "7", "object_repr": "Test question?", "action_flag": 3, "change_message": ""}}, {"model": "admin.logentry", "pk": 151, "fields": {"action_time": "2018-10-19T12:53:27.236Z", "user": 1, "content_type": 7, "object_id": "6", "object_repr": "Question to check reverse_lazy?", "action_flag": 3, "change_message": ""}}, {"model": "admin.logentry", "pk": 152, "fields": {"action_time": "2018-10-19T12:53:28.069Z", "user": 1, "content_type": 7, "object_id": "4", "object_repr": "This is a question?", "action_flag": 3, "change_message": ""}}, {"model": "admin.logentry", "pk": 153, "fields": {"action_time": "2018-10-19T12:55:52.612Z", "user": 1, "content_type": 7, "object_id": "10", "object_repr": "Which are the best books or learning resources to prepare for the GRE?", "action_flag": 1, "change_message": "[{\"added\": {}}]"}}, {"model": "admin.logentry", "pk": 154, "fields": {"action_time": "2018-10-19T12:56:55.280Z", "user": 1, "content_type": 9, "object_id": "18", "object_repr": "Which are the best books or learning resources to prepare for the GRE? answered by savaj", "action_flag": 1, "change_message": "[{\"added\": {}}]"}}, {"model": "admin.logentry", "pk": 155, "fields": {"action_time": "2018-10-19T12:58:26.140Z", "user": 1, "content_type": 4, "object_id": "15", "object_repr": "varun.pp", "action_flag": 1, "change_message": "[{\"added\": {}}]"}}, {"model": "admin.logentry", "pk": 156, "fields": {"action_time": "2018-10-19T12:59:10.004Z", "user": 1, "content_type": 4, "object_id": "16", "object_repr": "shr.more", "action_flag": 1, "change_message": "[{\"added\": {}}]"}}, {"model": "admin.logentry", "pk": 157, "fields": {"action_time": "2018-10-19T12:59:33.951Z", "user": 1, "content_type": 4, "object_id": "17", "object_repr": "aman.dedhia", "action_flag": 1, "change_message": "[{\"added\": {}}]"}}, {"model": "admin.logentry", "pk": 158, "fields": {"action_time": "2018-10-19T13:00:38.076Z", "user": 1, "content_type": 7, "object_id": "11", "object_repr": "How to prepare for GRE verbal reasoning?", "action_flag": 1, "change_message": "[{\"added\": {}}]"}}, {"model": "admin.logentry", "pk": 159, "fields": {"action_time": "2018-10-19T13:01:52.715Z", "user": 1, "content_type": 9, "object_id": "19", "object_repr": "How to prepare for GRE verbal reasoning? answered by shr.more", "action_flag": 1, "change_message": "[{\"added\": {}}]"}}, {"model": "admin.logentry", "pk": 160, "fields": {"action_time": "2018-10-19T13:03:05.122Z", "user": 1, "content_type": 7, "object_id": "12", "object_repr": "Which book should I prefer for GRE?", "action_flag": 1, "change_message": "[{\"added\": {}}]"}}, {"model": "admin.logentry", "pk": 161, "fields": {"action_time": "2018-10-19T13:03:43.115Z", "user": 1, "content_type": 9, "object_id": "20", "object_repr": "Which book should I prefer for GRE? answered by jayeshkarvir5", "action_flag": 1, "change_message": "[{\"added\": {}}]"}}, {"model": "admin.logentry", "pk": 162, "fields": {"action_time": "2018-10-19T13:05:30.615Z", "user": 1, "content_type": 9, "object_id": "21", "object_repr": "What is GRE? answered by aman.dedhia", "action_flag": 1, "change_message": "[{\"added\": {}}]"}}, {"model": "admin.logentry", "pk": 163, "fields": {"action_time": "2018-10-19T13:06:32.237Z", "user": 1, "content_type": 7, "object_id": "13", "object_repr": "What are some goods books for GMAT preparation?", "action_flag": 1, "change_message": "[{\"added\": {}}]"}}, {"model": "admin.logentry", "pk": 164, "fields": {"action_time": "2018-10-19T13:07:41.124Z", "user": 1, "content_type": 9, "object_id": "22", "object_repr": "What are some goods books for GMAT preparation? answered by jayeshkarvir5", "action_flag": 1, "change_message": "[{\"added\": {}}]"}}, {"model": "admin.logentry", "pk": 165, "fields": {"action_time": "2018-10-19T13:08:54.061Z", "user": 1, "content_type": 7, "object_id": "14", "object_repr": "How do I start my GMAT preparations from scratch?", "action_flag": 1, "change_message": "[{\"added\": {}}]"}}, {"model": "admin.logentry", "pk": 166, "fields": {"action_time": "2018-10-19T13:10:06.856Z", "user": 1, "content_type": 9, "object_id": "23", "object_repr": "How do I start my GMAT preparations from scratch? answered by aman.dedhia", "action_flag": 1, "change_message": "[{\"added\": {}}]"}}, {"model": "admin.logentry", "pk": 167, "fields": {"action_time": "2018-10-19T13:11:13.442Z", "user": 1, "content_type": 7, "object_id": "15", "object_repr": "What is GMAT?", "action_flag": 1, "change_message": "[{\"added\": {}}]"}}, {"model": "admin.logentry", "pk": 168, "fields": {"action_time": "2018-10-19T13:11:37.745Z", "user": 1, "content_type": 9, "object_id": "24", "object_repr": "What is GMAT? answered by jayeshkarvir5", "action_flag": 1, "change_message": "[{\"added\": {}}]"}}, {"model": "admin.logentry", "pk": 169, "fields": {"action_time": "2018-10-19T13:13:00.767Z", "user": 1, "content_type": 7, "object_id": "16", "object_repr": "What is NEET?", "action_flag": 1, "change_message": "[{\"added\": {}}]"}}, {"model": "admin.logentry", "pk": 170, "fields": {"action_time": "2018-10-19T13:13:15.869Z", "user": 1, "content_type": 9, "object_id": "25", "object_repr": "What is NEET? answered by varun.pp", "action_flag": 1, "change_message": "[{\"added\": {}}]"}}, {"model": "admin.logentry", "pk": 171, "fields": {"action_time": "2018-10-19T13:13:46.936Z", "user": 1, "content_type": 7, "object_id": "17", "object_repr": "How should I prepare for the NEET?", "action_flag": 1, "change_message": "[{\"added\": {}}]"}}, {"model": "admin.logentry", "pk": 172, "fields": {"action_time": "2018-10-19T13:14:40.559Z", "user": 1, "content_type": 9, "object_id": "26", "object_repr": "How should I prepare for the NEET? answered by aman.dedhia", "action_flag": 1, "change_message": "[{\"added\": {}}]"}}, {"model": "admin.logentry", "pk": 173, "fields": {"action_time": "2018-10-19T13:15:29.421Z", "user": 1, "content_type": 7, "object_id": "18", "object_repr": "What are the best books to refer for CBSE NEET Entrance Exam?", "action_flag": 1, "change_message": "[{\"added\": {}}]"}}, {"model": "admin.logentry", "pk": 174, "fields": {"action_time": "2018-10-19T13:15:56.737Z", "user": 1, "content_type": 9, "object_id": "27", "object_repr": "What are the best books to refer for CBSE NEET Entrance Exam? answered by shr.more", "action_flag": 1, "change_message": "[{\"added\": {}}]"}}, {"model": "admin.logentry", "pk": 175, "fields": {"action_time": "2018-10-19T13:16:17.121Z", "user": 1, "content_type": 9, "object_id": "27", "object_repr": "What are the best books to refer for CBSE NEET Entrance Exam? answered by shr.more", "action_flag": 2, "change_message": "[{\"changed\": {\"fields\": [\"answer\"]}}]"}}, {"model": "admin.logentry", "pk": 176, "fields": {"action_time": "2018-10-19T13:16:58.566Z", "user": 1, "content_type": 7, "object_id": "19", "object_repr": "How do I start preparing for NEET 2019?", "action_flag": 1, "change_message": "[{\"added\": {}}]"}}, {"model": "admin.logentry", "pk": 177, "fields": {"action_time": "2018-10-19T13:17:30.418Z", "user": 1, "content_type": 9, "object_id": "28", "object_repr": "How do I start preparing for NEET 2019? answered by shr.more", "action_flag": 1, "change_message": "[{\"added\": {}}]"}}, {"model": "admin.logentry", "pk": 178, "fields": {"action_time": "2018-10-19T13:18:39.515Z", "user": 1, "content_type": 7, "object_id": "20", "object_repr": "What is JEE Main ?", "action_flag": 1, "change_message": "[{\"added\": {}}]"}}, {"model": "admin.logentry", "pk": 179, "fields": {"action_time": "2018-10-19T13:19:14.379Z", "user": 1, "content_type": 9, "object_id": "29", "object_repr": "What is JEE Main ? answered by varun.pp", "action_flag": 1, "change_message": "[{\"added\": {}}]"}}, {"model": "admin.logentry", "pk": 180, "fields": {"action_time": "2018-10-19T13:20:02.695Z", "user": 1, "content_type": 9, "object_id": "15", "object_repr": "How do I score 360/360 in JEE Mains 2019 ? answered by test-user", "action_flag": 3, "change_message": ""}}, {"model": "admin.logentry", "pk": 181, "fields": {"action_time": "2018-10-19T13:20:02.869Z", "user": 1, "content_type": 9, "object_id": "9", "object_repr": "How do I score 360/360 in JEE Mains 2019 ? answered by jayeshkarvir5", "action_flag": 3, "change_message": ""}}, {"model": "admin.logentry", "pk": 182, "fields": {"action_time": "2018-10-19T13:20:03.014Z", "user": 1, "content_type": 9, "object_id": "1", "object_repr": "How do I score 360/360 in JEE Mains 2019 ? answered by savaj", "action_flag": 3, "change_message": ""}}, {"model": "admin.logentry", "pk": 183, "fields": {"action_time": "2018-10-19T13:20:03.157Z", "user": 1, "content_type": 9, "object_id": "2", "object_repr": "How do I score 360/360 in JEE Mains 2019 ? answered by savaj", "action_flag": 3, "change_message": ""}}, {"model": "admin.logentry", "pk": 184, "fields": {"action_time": "2018-10-19T13:21:29.401Z", "user": 1, "content_type": 9, "object_id": "30", "object_repr": "How do I score 360/360 in JEE Mains 2019 ? answered by shr.more", "action_flag": 1, "change_message": "[{\"added\": {}}]"}}, {"model": "admin.logentry", "pk": 185, "fields": {"action_time": "2018-10-19T13:22:55.232Z", "user": 1, "content_type": 9, "object_id": "31", "object_repr": "How difficult is JEE Advanced? answered by shr.more", "action_flag": 1, "change_message": "[{\"added\": {}}]"}}, {"model": "admin.logentry", "pk": 186, "fields": {"action_time": "2018-10-19T13:23:18.842Z", "user": 1, "content_type": 7, "object_id": "2", "object_repr": "How difficult was JEE Advanced?", "action_flag": 2, "change_message": "[{\"changed\": {\"fields\": [\"question\"]}}]"}}, {"model": "admin.logentry", "pk": 187, "fields": {"action_time": "2018-10-19T13:23:37.751Z", "user": 1, "content_type": 7, "object_id": "2", "object_repr": "How difficult was JEE Advanced 2018?", "action_flag": 2, "change_message": "[{\"changed\": {\"fields\": [\"question\"]}}]"}}, {"model": "admin.logentry", "pk": 188, "fields": {"action_time": "2018-10-19T13:24:51.213Z", "user": 1, "content_type": 7, "object_id": "21", "object_repr": "Which are the best online IIT JEE coaching?", "action_flag": 1, "change_message": "[{\"added\": {}}]"}}, {"model": "admin.logentry", "pk": 189, "fields": {"action_time": "2018-10-19T13:25:10.863Z", "user": 1, "content_type": 9, "object_id": "32", "object_repr": "Which are the best online IIT JEE coaching? answered by aman.dedhia", "action_flag": 1, "change_message": "[{\"added\": {}}]"}}, {"model": "admin.logentry", "pk": 190, "fields": {"action_time": "2018-10-19T13:26:02.449Z", "user": 1, "content_type": 7, "object_id": "22", "object_repr": "How can I pass the TOEFL exam with a high grade?", "action_flag": 1, "change_message": "[{\"added\": {}}]"}}, {"model": "admin.logentry", "pk": 191, "fields": {"action_time": "2018-10-19T13:26:24.758Z", "user": 1, "content_type": 9, "object_id": "33", "object_repr": "How can I pass the TOEFL exam with a high grade? answered by shr.more", "action_flag": 1, "change_message": "[{\"added\": {}}]"}}, {"model": "admin.logentry", "pk": 192, "fields": {"action_time": "2018-10-19T13:27:16.352Z", "user": 1, "content_type": 7, "object_id": "23", "object_repr": "What is the best study material for TOEFL?", "action_flag": 1, "change_message": "[{\"added\": {}}]"}}, {"model": "admin.logentry", "pk": 193, "fields": {"action_time": "2018-10-19T13:31:01.569Z", "user": 1, "content_type": 9, "object_id": "34", "object_repr": "What is the best study material for TOEFL? answered by shr.more", "action_flag": 1, "change_message": "[{\"added\": {}}]"}}, {"model": "admin.logentry", "pk": 194, "fields": {"action_time": "2018-10-19T13:39:13.745Z", "user": 1, "content_type": 8, "object_id": "4", "object_repr": "JEE-Joint Entrance Exam for Engineers who want to get into one of the most prestigious colleges in India.", "action_flag": 2, "change_message": "[{\"changed\": {\"fields\": [\"topic_logo\"]}}]"}}, {"model": "admin.logentry", "pk": 195, "fields": {"action_time": "2018-10-19T13:40:14.662Z", "user": 1, "content_type": 8, "object_id": "15", "object_repr": "GMAT-Exam for Masters", "action_flag": 2, "change_message": "[{\"changed\": {\"fields\": [\"topic_logo\"]}}]"}}, {"model": "admin.logentry", "pk": 196, "fields": {"action_time": "2018-10-19T13:41:00.463Z", "user": 1, "content_type": 8, "object_id": "15", "object_repr": "GMAT-Exam for Masters", "action_flag": 2, "change_message": "[{\"changed\": {\"fields\": [\"topic_logo\"]}}]"}}, {"model": "admin.logentry", "pk": 197, "fields": {"action_time": "2018-10-19T13:42:10.315Z", "user": 1, "content_type": 8, "object_id": "30", "object_repr": "GRE-Some Exam", "action_flag": 2, "change_message": "[{\"changed\": {\"fields\": [\"topic_logo\"]}}]"}}, {"model": "admin.logentry", "pk": 198, "fields": {"action_time": "2018-10-19T13:42:46.990Z", "user": 1, "content_type": 8, "object_id": "30", "object_repr": "GRE-Exam To Study Master's", "action_flag": 2, "change_message": "[{\"changed\": {\"fields\": [\"desc\"]}}]"}}, {"model": "admin.logentry", "pk": 199, "fields": {"action_time": "2018-10-19T13:43:49.579Z", "user": 1, "content_type": 8, "object_id": "5", "object_repr": "NEET-Entrance exam for Medical students.", "action_flag": 2, "change_message": "[{\"changed\": {\"fields\": [\"desc\", \"topic_logo\"]}}]"}}, {"model": "admin.logentry", "pk": 200, "fields": {"action_time": "2018-10-19T13:45:17.696Z", "user": 1, "content_type": 8, "object_id": "33", "object_repr": "TOEFL-English Exam to get into Foreign Universities.", "action_flag": 2, "change_message": "[{\"changed\": {\"fields\": [\"desc\", \"topic_logo\"]}}]"}}, {"model": "admin.logentry", "pk": 201, "fields": {"action_time": "2018-10-19T13:45:34.324Z", "user": 1, "content_type": 8, "object_id": "31", "object_repr": "Reverse working-exp", "action_flag": 3, "change_message": ""}}, {"model": "admin.logentry", "pk": 202, "fields": {"action_time": "2018-10-19T13:47:53.428Z", "user": 1, "content_type": 8, "object_id": "34", "object_repr": "IELTS-Listening And Speaking Test to seek admission in Foriegn Universities", "action_flag": 1, "change_message": "[{\"added\": {}}]"}}, {"model": "admin.logentry", "pk": 203, "fields": {"action_time": "2018-10-19T13:48:26.531Z", "user": 1, "content_type": 7, "object_id": "24", "object_repr": "What is the best way to prepare for IELTS?", "action_flag": 1, "change_message": "[{\"added\": {}}]"}}, {"model": "admin.logentry", "pk": 204, "fields": {"action_time": "2018-10-19T13:49:03.693Z", "user": 1, "content_type": 9, "object_id": "35", "object_repr": "What is the best way to prepare for IELTS? answered by varun.pp", "action_flag": 1, "change_message": "[{\"added\": {}}]"}}, {"model": "admin.logentry", "pk": 205, "fields": {"action_time": "2018-10-19T13:49:34.070Z", "user": 1, "content_type": 7, "object_id": "25", "object_repr": "How to prepare for the Listening section?", "action_flag": 1, "change_message": "[{\"added\": {}}]"}}, {"model": "admin.logentry", "pk": 206, "fields": {"action_time": "2018-10-19T13:49:54.546Z", "user": 1, "content_type": 9, "object_id": "36", "object_repr": "How to prepare for the Listening section? answered by shr.more", "action_flag": 1, "change_message": "[{\"added\": {}}]"}}, {"model": "admin.logentry", "pk": 207, "fields": {"action_time": "2018-10-19T13:50:16.935Z", "user": 1, "content_type": 7, "object_id": "26", "object_repr": "How to prepare for the Writing section?", "action_flag": 1, "change_message": "[{\"added\": {}}]"}}, {"model": "admin.logentry", "pk": 208, "fields": {"action_time": "2018-10-19T13:50:37.637Z", "user": 1, "content_type": 9, "object_id": "37", "object_repr": "How to prepare for the Writing section? answered by jayeshkarvir5", "action_flag": 1, "change_message": "[{\"added\": {}}]"}}, {"model": "admin.logentry", "pk": 209, "fields": {"action_time": "2018-10-19T13:51:25.481Z", "user": 1, "content_type": 7, "object_id": "27", "object_repr": "How to prepare for Speaking section?", "action_flag": 1, "change_message": "[{\"added\": {}}]"}}, {"model": "admin.logentry", "pk": 210, "fields": {"action_time": "2018-10-19T13:51:47.250Z", "user": 1, "content_type": 9, "object_id": "38", "object_repr": "How to prepare for Speaking section? answered by savaj", "action_flag": 1, "change_message": "[{\"added\": {}}]"}}, {"model": "admin.logentry", "pk": 211, "fields": {"action_time": "2018-10-19T13:54:21.845Z", "user": 1, "content_type": 8, "object_id": "35", "object_repr": "CAT- Common Admission Test-CAT is the premier all India management entrance exam conducted by IIM's.", "action_flag": 1, "change_message": "[{\"added\": {}}]"}}, {"model": "admin.logentry", "pk": 212, "fields": {"action_time": "2018-10-19T13:55:25.539Z", "user": 1, "content_type": 7, "object_id": "28", "object_repr": "How do I prepare myself for CAT?", "action_flag": 1, "change_message": "[{\"added\": {}}]"}}, {"model": "admin.logentry", "pk": 213, "fields": {"action_time": "2018-10-19T13:55:58.333Z", "user": 1, "content_type": 9, "object_id": "39", "object_repr": "How do I prepare myself for CAT? answered by aman.dedhia", "action_flag": 1, "change_message": "[{\"added\": {}}]"}}, {"model": "admin.logentry", "pk": 214, "fields": {"action_time": "2018-10-19T14:04:38.396Z", "user": 1, "content_type": 7, "object_id": "30", "object_repr": "How do I score a good percentile in CAT'18?", "action_flag": 1, "change_message": "[{\"added\": {}}]"}}, {"model": "admin.logentry", "pk": 215, "fields": {"action_time": "2018-10-19T14:04:46.627Z", "user": 1, "content_type": 9, "object_id": "41", "object_repr": "What is a CAT exam? answered by savaj", "action_flag": 2, "change_message": "[]"}}, {"model": "admin.logentry", "pk": 216, "fields": {"action_time": "2018-10-19T14:05:19.917Z", "user": 1, "content_type": 9, "object_id": "42", "object_repr": "How do I score a good percentile in CAT'18? answered by varun.pp", "action_flag": 1, "change_message": "[{\"added\": {}}]"}}, {"model": "admin.logentry", "pk": 217, "fields": {"action_time": "2018-10-19T14:05:41.239Z", "user": 1, "content_type": 7, "object_id": "30", "object_repr": "How do I score a good percentile in CAT'19?", "action_flag": 2, "change_message": "[{\"changed\": {\"fields\": [\"question\"]}}]"}}, {"model": "admin.logentry", "pk": 218, "fields": {"action_time": "2018-10-20T05:41:17.893Z", "user": 1, "content_type": 8, "object_id": "35", "object_repr": "CAT- Common Admission Test-CAT is the premier all India management entrance exam conducted by IIM's.", "action_flag": 2, "change_message": "[{\"changed\": {\"fields\": [\"topic_logo\"]}}]"}}, {"model": "admin.logentry", "pk": 219, "fields": {"action_time": "2018-10-20T05:43:54.256Z", "user": 1, "content_type": 8, "object_id": "36", "object_repr": "UPSC-", "action_flag": 1, "change_message": "[{\"added\": {}}]"}}, {"model": "admin.logentry", "pk": 220, "fields": {"action_time": "2018-10-20T05:44:23.041Z", "user": 1, "content_type": 8, "object_id": "36", "object_repr": "UPSC-Civil Services Exam", "action_flag": 2, "change_message": "[{\"changed\": {\"fields\": [\"desc\"]}}]"}}, {"model": "admin.logentry", "pk": 221, "fields": {"action_time": "2018-10-20T05:46:11.871Z", "user": 1, "content_type": 7, "object_id": "31", "object_repr": "What is the best optional subject for the UPSC mains?", "action_flag": 1, "change_message": "[{\"added\": {}}]"}}, {"model": "admin.logentry", "pk": 222, "fields": {"action_time": "2018-10-20T05:47:10.356Z", "user": 1, "content_type": 9, "object_id": "43", "object_repr": "What is the best optional subject for the UPSC mains? answered by savaj", "action_flag": 1, "change_message": "[{\"added\": {}}]"}}, {"model": "admin.logentry", "pk": 223, "fields": {"action_time": "2018-10-20T05:48:16.996Z", "user": 1, "content_type": 7, "object_id": "32", "object_repr": "What are the best online coaching classes for UPSC?", "action_flag": 1, "change_message": "[{\"added\": {}}]"}}, {"model": "admin.logentry", "pk": 224, "fields": {"action_time": "2018-10-20T05:48:35.537Z", "user": 1, "content_type": 9, "object_id": "44", "object_repr": "What are the best online coaching classes for UPSC? answered by varun.pp", "action_flag": 1, "change_message": "[{\"added\": {}}]"}}, {"model": "admin.logentry", "pk": 225, "fields": {"action_time": "2018-10-20T05:50:46.767Z", "user": 1, "content_type": 7, "object_id": "33", "object_repr": "What is UPSC?", "action_flag": 1, "change_message": "[{\"added\": {}}]"}}, {"model": "admin.logentry", "pk": 226, "fields": {"action_time": "2018-10-20T05:51:27.160Z", "user": 1, "content_type": 9, "object_id": "45", "object_repr": "What is UPSC? answered by aman.dedhia", "action_flag": 1, "change_message": "[{\"added\": {}}]"}}, {"model": "admin.logentry", "pk": 227, "fields": {"action_time": "2018-10-20T06:40:13.977Z", "user": 1, "content_type": 4, "object_id": "5", "object_repr": "user-1", "action_flag": 3, "change_message": ""}}, {"model": "admin.logentry", "pk": 228, "fields": {"action_time": "2018-10-20T06:40:14.122Z", "user": 1, "content_type": 4, "object_id": "6", "object_repr": "user-2", "action_flag": 3, "change_message": ""}}, {"model": "admin.logentry", "pk": 229, "fields": {"action_time": "2018-10-20T06:40:14.218Z", "user": 1, "content_type": 4, "object_id": "7", "object_repr": "user-3", "action_flag": 3, "change_message": ""}}, {"model": "admin.logentry", "pk": 230, "fields": {"action_time": "2018-10-20T06:40:14.343Z", "user": 1, "content_type": 4, "object_id": "9", "object_repr": "user-5", "action_flag": 3, "change_message": ""}}, {"model": "admin.logentry", "pk": 231, "fields": {"action_time": "2018-10-20T06:40:14.457Z", "user": 1, "content_type": 4, "object_id": "14", "object_repr": "user123", "action_flag": 3, "change_message": ""}}, {"model": "admin.logentry", "pk": 232, "fields": {"action_time": "2018-10-20T06:40:14.566Z", "user": 1, "content_type": 4, "object_id": "13", "object_repr": "user999", "action_flag": 3, "change_message": ""}}, {"model": "admin.logentry", "pk": 233, "fields": {"action_time": "2018-10-20T06:40:14.667Z", "user": 1, "content_type": 4, "object_id": "12", "object_repr": "userxyz", "action_flag": 3, "change_message": ""}}, {"model": "admin.logentry", "pk": 234, "fields": {"action_time": "2018-10-20T06:59:23.371Z", "user": 1, "content_type": 4, "object_id": "18", "object_repr": "new_user", "action_flag": 3, "change_message": ""}}, {"model": "admin.logentry", "pk": 235, "fields": {"action_time": "2018-10-20T07:00:54.617Z", "user": 1, "content_type": 4, "object_id": "19", "object_repr": "new", "action_flag": 3, "change_message": ""}}, {"model": "admin.logentry", "pk": 236, "fields": {"action_time": "2018-10-20T10:59:33.081Z", "user": 1, "content_type": 10, "object_id": "2", "object_repr": "savaj", "action_flag": 2, "change_message": "[{\"changed\": {\"fields\": [\"pic\"]}}]"}}, {"model": "admin.logentry", "pk": 237, "fields": {"action_time": "2018-10-20T12:45:51.884Z", "user": 1, "content_type": 10, "object_id": "2", "object_repr": "savaj", "action_flag": 2, "change_message": "[{\"changed\": {\"fields\": [\"score\"]}}]"}}, {"model": "admin.logentry", "pk": 238, "fields": {"action_time": "2018-10-20T12:46:15.141Z", "user": 1, "content_type": 10, "object_id": "6", "object_repr": "FeQtA", "action_flag": 2, "change_message": "[{\"changed\": {\"fields\": [\"score\"]}}]"}}, {"model": "admin.logentry", "pk": 239, "fields": {"action_time": "2018-11-01T05:06:16.901Z", "user": 1, "content_type": 4, "object_id": "17", "object_repr": "aman.dedhia", "action_flag": 2, "change_message": "[{\"changed\": {\"fields\": [\"first_name\", \"last_name\", \"email\"]}}]"}}, {"model": "admin.logentry", "pk": 240, "fields": {"action_time": "2018-11-01T05:06:38.025Z", "user": 1, "content_type": 4, "object_id": "16", "object_repr": "shr.more", "action_flag": 2, "change_message": "[{\"changed\": {\"fields\": [\"first_name\", \"last_name\", \"email\"]}}]"}}, {"model": "admin.logentry", "pk": 241, "fields": {"action_time": "2018-11-01T05:06:53.671Z", "user": 1, "content_type": 4, "object_id": "4", "object_repr": "test-user", "action_flag": 2, "change_message": "[{\"changed\": {\"fields\": [\"email\"]}}]"}}, {"model": "admin.logentry", "pk": 242, "fields": {"action_time": "2018-11-01T05:07:20.922Z", "user": 1, "content_type": 4, "object_id": "15", "object_repr": "varun.pp", "action_flag": 2, "change_message": "[{\"changed\": {\"fields\": [\"first_name\", \"last_name\", \"email\"]}}]"}}, {"model": "admin.logentry", "pk": 243, "fields": {"action_time": "2018-11-02T13:19:19.138Z", "user": 1, "content_type": 7, "object_id": "35", "object_repr": "Test Question?", "action_flag": 3, "change_message": ""}}, {"model": "admin.logentry", "pk": 244, "fields": {"action_time": "2018-11-02T13:19:19.219Z", "user": 1, "content_type": 7, "object_id": "34", "object_repr": "Test question?", "action_flag": 3, "change_message": ""}}, {"model": "admin.logentry", "pk": 245, "fields": {"action_time": "2018-11-02T13:24:52.501Z", "user": 1, "content_type": 7, "object_id": "36", "object_repr": "Test Question?", "action_flag": 3, "change_message": ""}}, {"model": "admin.logentry", "pk": 246, "fields": {"action_time": "2019-08-16T06:55:41.985Z", "user": 1, "content_type": 4, "object_id": "24", "object_repr": "newuser", "action_flag": 3, "change_message": ""}}, {"model": "admin.logentry", "pk": 247, "fields": {"action_time": "2019-08-16T06:57:21.256Z", "user": 1, "content_type": 4, "object_id": "20", "object_repr": "new", "action_flag": 3, "change_message": ""}}, {"model": "admin.logentry", "pk": 248, "fields": {"action_time": "2019-08-16T06:57:21.348Z", "user": 1, "content_type": 4, "object_id": "4", "object_repr": "test-user", "action_flag": 3, "change_message": ""}}, {"model": "admin.logentry", "pk": 249, "fields": {"action_time": "2019-08-16T06:57:21.446Z", "user": 1, "content_type": 4, "object_id": "21", "object_repr": "test5", "action_flag": 3, "change_message": ""}}]